file,chroma_mean,chroma_variance,chroma_std,db_mean,db_variance,db_std,label
Major_0,0.39762667,0.080243185,0.28327227,-60.67751412363068,179.7558306892623,13.407305124045708,Major
Major_1,0.36701876,0.08541497,0.29225838,-69.77138486850363,146.0560592384588,12.085365498753392,Major
Major_2,0.44160068,0.07367998,0.27144057,-60.92500359243123,189.5719650329216,13.76851353752182,Major
Major_3,0.35963988,0.08872807,0.29787257,-70.80076047255805,131.08815898037986,11.449373737474895,Major
Major_4,0.52976876,0.07892568,0.28093714,-60.512638457948285,185.44365956269115,13.617769992281819,Major
Major_5,0.39746314,0.08110871,0.2847959,-69.49025087659555,158.4142360485289,12.586271729488796,Major
Major_6,0.38354707,0.078977436,0.28102925,-58.6999456292942,175.61236259732584,13.25188147386347,Major
Major_7,0.39584607,0.092789024,0.3046129,-67.07703934109118,166.87495784895464,12.918009051280102,Major
Major_8,0.39976746,0.10024213,0.31661037,-61.939676812975556,173.0757111047806,13.155824227496375,Major
Major_9,0.34599298,0.09495496,0.30814764,-70.71693314910515,140.01223809831242,11.832676708940898,Major
Major_10,0.40420058,0.077699035,0.27874547,-60.23586131685099,169.92354446638336,13.035472544805707,Major
Major_11,0.41953468,0.1031288,0.32113674,-67.29783203885964,178.1511501479352,13.347327453386884,Major
Major_12,0.41857183,0.095391944,0.30885586,-59.83267460389198,178.72615347566585,13.368850117929584,Major
Major_13,0.40340984,0.097709425,0.31258506,-67.30155970065114,170.0536331565726,13.0404613858779,Major
Major_14,0.29570684,0.08099643,0.2845987,-57.37721798106232,180.12618893174,13.421109824889296,Major
Major_15,0.32200885,0.08942425,0.2990389,-71.14915855878472,144.1965009864835,12.00818474984806,Major
Major_16,0.30993402,0.07145091,0.26730302,-57.540608396601804,175.13432211962365,13.233832480412605,Major
Major_17,0.34341994,0.0922034,0.30365014,-72.51800819379741,133.02007855773937,11.533433077698044,Major
Major_18,0.5447062,0.07059367,0.2656947,-58.747445430185216,185.92924393789716,13.635587407145215,Major
Major_19,0.25802007,0.08849035,0.29747328,-69.87540370746797,145.2750511901881,12.053010046879912,Major
Major_20,0.31644407,0.07589589,0.2754921,-62.0114761390735,173.1577971045283,13.158943616587477,Major
Major_21,0.2766332,0.095956855,0.30976903,-73.56199261315301,112.8403843991995,10.622635473327676,Major
Major_22,0.42283064,0.07092224,0.2663123,-57.862812343253744,184.9258329311218,13.598743799745687,Major
Major_23,0.31878027,0.0935051,0.30578604,-70.2654171553137,142.912700440581,11.954610007883193,Major
Major_24,0.38215476,0.085732065,0.2928004,-58.525552212806204,182.26506398279793,13.500557913760376,Major
Major_25,0.29993436,0.11238181,0.33523396,-71.75010949473713,127.28495748612572,11.282063529608656,Major
Major_26,0.56928545,0.09336789,0.3055616,-58.20761008095762,186.24894097062477,13.647305264066777,Major
Major_27,0.3610401,0.10342102,0.32159138,-70.60236438675528,139.1920196511975,11.797966759200397,Major
Major_28,0.5062512,0.10130594,0.31828594,-58.70953913036178,178.4886899140426,13.359965939853387,Major
Major_29,0.33965102,0.10756114,0.32796514,-70.43293482912934,138.6184632598322,11.773634241806231,Major
Major_30,0.50191283,0.089971036,0.29995173,-59.247692186927615,185.43073443295998,13.61729541549863,Major
Major_31,0.3076879,0.09921773,0.31498846,-70.51383959993801,143.04296808162874,11.96005719391127,Major
Major_32,0.46351355,0.08551763,0.29243398,-59.62596423360167,179.97730133508472,13.415561909032537,Major
Major_33,0.42096135,0.089163326,0.29860228,-68.80768234661646,161.7282804421936,12.717243429383336,Major
Major_34,0.47032386,0.086179435,0.29356334,-59.67742371096233,187.87518932296564,13.706757068065576,Major
Major_35,0.4418139,0.09419778,0.30691656,-67.17851173695632,174.51567625299512,13.210438155223889,Major
Major_36,0.51823395,0.06683047,0.2585159,-59.827093637604385,180.66708867827776,13.441245800828053,Major
Major_37,0.3837433,0.094027095,0.3066384,-69.54015115046842,153.37627868689756,12.384517701020801,Major
Major_38,0.41010708,0.08272586,0.28762102,-59.6806919337229,184.18526316906778,13.571487139185145,Major
Major_39,0.39572772,0.09017729,0.30029535,-68.85631776281701,151.27015986832023,12.29919346413903,Major
Major_40,0.30845764,0.09532452,0.3087467,-61.902079283955786,175.82662205539972,13.25996312420965,Major
Major_41,0.3432464,0.10427146,0.3229109,-68.72991597094838,157.77418739521343,12.560819535174184,Major
Major_42,0.37065557,0.08363583,0.2891986,-60.82165048221781,175.79800797340343,13.258884114939818,Major
Major_43,0.28989473,0.09597893,0.30980468,-70.99831201632895,137.37662721428435,11.720777585735698,Major
Major_44,0.3678372,0.089584045,0.29930595,-60.43376189643808,173.89249026171103,13.186830182485517,Major
Major_45,0.31066892,0.08728357,0.29543793,-70.59930463101631,139.66848508777028,11.818142201199404,Major
Major_46,0.53801095,0.08237906,0.28701752,-59.03914377963216,192.6998771240511,13.881638128263218,Major
Major_47,0.36230305,0.10346219,0.3216554,-70.37370022542443,140.6769055331969,11.860729553159743,Major
Major_48,0.4427979,0.092374794,0.30393222,-61.07170163207673,196.46023067300823,14.016427172179371,Major
Major_49,0.38771722,0.09434218,0.30715173,-71.33840659405105,140.61540611900762,11.858136705191402,Major
Major_50,0.3784501,0.09621208,0.31018072,-59.58789064109945,174.16285614250134,13.197077560676126,Major
Major_51,0.28692088,0.11009378,0.33180383,-71.90664145913424,120.46703654248657,10.975747653006904,Major
Major_52,0.35213548,0.093766406,0.30621302,-60.899295540061026,177.56836644049025,13.325478094255764,Major
Major_53,0.2922177,0.09776921,0.3126807,-73.87605718289609,110.88164503874512,10.530035376899031,Major
Major_54,0.45315188,0.07315484,0.2704715,-58.60816317728281,173.39671359038064,13.1680185901441,Major
Major_55,0.36160243,0.10263307,0.32036397,-71.02048285150887,147.99551042781002,12.165340538916698,Major
Major_56,0.3309663,0.088983506,0.29830104,-59.993978749415255,157.596936686389,12.553761853977834,Major
Major_57,0.3694255,0.08922665,0.2987083,-66.87038500759733,178.06266666331112,13.344012389956445,Major
Major_58,0.40270954,0.07935847,0.28170636,-59.43893010187775,170.64966114230072,13.063294421481157,Major
Major_59,0.40384835,0.09363165,0.3059929,-68.51328494939844,165.8215631959255,12.877172173886839,Major
Major_60,0.43860433,0.06169018,0.24837509,-59.18677566185417,181.0580395064119,13.455780895452031,Major
Major_61,0.43018785,0.106895536,0.32694882,-66.20841474269228,174.19003706441353,13.198107328871574,Major
Major_62,0.38380355,0.0778926,0.27909246,-60.58724066066383,183.0237060561582,13.528625431142597,Major
Major_63,0.33398983,0.08667708,0.29440972,-66.04165884241147,195.0755629766887,13.966945370290839,Major
Major_64,0.4078449,0.080998085,0.28460163,-60.94478172536952,170.28679998157702,13.04939845286276,Major
Major_65,0.41203827,0.09006314,0.3001052,-69.6825993180539,156.66862374760356,12.516733749169692,Major
Major_66,0.45013127,0.10316582,0.32119435,-62.36103863296415,181.82967868798536,13.484423557867995,Major
Major_67,0.40035415,0.106552884,0.3264244,-70.56389194683668,143.15618609408543,11.96478942957566,Major
Major_68,0.4189869,0.08933932,0.29889685,-58.922100129079865,195.16083878944332,13.969997809213977,Major
Major_69,0.36552364,0.09727872,0.31189537,-68.22402244498706,143.4303670196126,11.976241773595445,Major
Major_70,0.54725105,0.073236644,0.2706227,-58.736108285301775,211.64918775571917,14.54816784876086,Major
Major_71,0.4251897,0.10583189,0.32531813,-68.47134967152844,170.25932360605734,13.048345627168883,Major
Major_72,0.51801187,0.08095319,0.28452274,-59.25140777203908,195.76573008637465,13.991630715766288,Major
Major_73,0.39720008,0.1055824,0.32493445,-68.28527926635167,181.89437623670256,13.486822317977744,Major
Major_74,0.51822674,0.07432798,0.2726316,-57.99918377095273,200.0473875928801,14.14381092891446,Major
Major_75,0.42799246,0.10745697,0.3278063,-68.26906836507912,172.61292098751105,13.138223661801128,Major
Major_76,0.45922202,0.07277861,0.26977512,-58.92084123389131,181.52694092690118,13.47319341978364,Major
Major_77,0.40086633,0.092511825,0.30415756,-67.3459178049189,188.45499244053417,13.72789104125372,Major
Major_78,0.4346238,0.10008064,0.31635523,-60.68596545531313,182.29815292721744,13.501783323961966,Major
Major_79,0.32461864,0.10549776,0.3248042,-69.24358456359778,161.5100555720154,12.708660652170055,Major
Major_80,0.35675246,0.087639585,0.29603985,-58.71073921649327,178.18712050415127,13.348674859481418,Major
Major_81,0.3039639,0.09792217,0.3129252,-68.95725062589625,166.43211851679817,12.90085727836713,Major
Major_82,0.3489538,0.088348456,0.29723468,-59.35402177412703,182.19980836707947,13.498140922626325,Major
Major_83,0.3471267,0.08110395,0.28478757,-65.08203235248416,168.1516352411878,12.967329533916681,Major
Major_84,0.31396708,0.08798839,0.2966284,-60.25622654899591,167.689575621214,12.94950097962134,Major
Major_85,0.32496217,0.083158396,0.28837198,-69.7403876798432,156.36557462947724,12.504622130615433,Major
Major_86,0.3715139,0.08188558,0.28615656,-60.83636467383669,172.75778313837426,13.143735509297738,Major
Major_87,0.36475578,0.09021289,0.3003546,-69.69058599927607,149.9173740550653,12.244075059189457,Major
Major_88,0.4359867,0.0798374,0.28255513,-59.552405477784845,177.99759079699132,13.341573775120809,Major
Major_89,0.34401315,0.08832176,0.29718977,-69.60109915383505,159.42628815571763,12.626412323210328,Major
Major_90,0.33394182,0.0844644,0.2906276,-60.82470218401776,175.02189731758412,13.22958417024451,Major
Major_91,0.35002017,0.085268386,0.2920075,-69.46418230194747,151.11212876108354,12.292767335351447,Major
Major_92,0.37867722,0.0751912,0.27421013,-60.22236240820837,166.78930897680223,12.91469353011531,Major
Major_93,0.37135077,0.089011356,0.2983477,-69.1702413944834,153.96035166396143,12.408076066174056,Major
Major_94,0.4153783,0.08833266,0.2972081,-58.673321684869975,188.84567446557276,13.742113173219494,Major
Major_95,0.34496638,0.096614875,0.31082934,-69.48706391992738,165.71640417662712,12.873088369797946,Major
Major_96,0.49160188,0.07819116,0.27962682,-58.296874768781464,182.98979879716396,13.527372205907692,Major
Major_97,0.3540904,0.09558227,0.3091638,-69.64085239991243,154.64461669893385,12.435618870765293,Major
Major_98,0.40918148,0.0799609,0.28277358,-59.462566009776,174.24409500284747,13.20015511283286,Major
Major_99,0.38307756,0.09747442,0.31220892,-69.43190217754112,150.181592834261,12.25485996795806,Major
Major_100,0.40918148,0.0799609,0.28277358,-59.462566009776,174.24409500284747,13.20015511283286,Major
Major_101,0.38307756,0.09747442,0.31220892,-69.43190217754112,150.181592834261,12.25485996795806,Major
Major_102,0.4420902,0.075356424,0.27451125,-59.51171850379706,186.9529265631395,13.673073047531762,Major
Major_103,0.39682782,0.08910901,0.29851133,-68.87583966483298,158.01387235394785,12.570356890476413,Major
Major_104,0.35908306,0.09184541,0.30306008,-61.86502886567225,171.74969649027784,13.105330842457883,Major
Major_105,0.3614881,0.0966266,0.3108482,-69.1718042132412,155.9381386308488,12.487519314533564,Major
Major_106,0.38634872,0.09427178,0.3070371,-59.48808304194527,175.97075913962416,13.265397059252473,Major
Major_107,0.3059632,0.093908116,0.30644432,-70.51737057820965,151.11060316411687,12.292705282569694,Major
Major_108,0.42293593,0.0816547,0.28575286,-62.302044080344885,186.05999948002102,13.640381207283799,Major
Major_109,0.4310964,0.09716769,0.31171733,-69.33532303398354,153.45266964391763,12.387601448380458,Major
Major_110,0.4215734,0.08035259,0.28346533,-59.841932505831,173.56146796372042,13.17427295768994,Major
Major_111,0.3048833,0.08641973,0.29397234,-68.80316049325262,153.97316586385696,12.408592420732376,Major
Major_112,0.3835578,0.08770023,0.29614225,-58.60663601384751,174.0377935782615,13.192338442378649,Major
Major_113,0.34020752,0.09315691,0.30521616,-65.78307536851578,183.0292154123914,13.528829048088065,Major
Major_114,0.48554516,0.08161933,0.28569096,-59.52834644190492,171.8582182520754,13.109470555749969,Major
Major_115,0.40625417,0.100014,0.3162499,-65.90836431299861,194.30382990476258,13.93929086807369,Major
Major_116,0.41291156,0.06977416,0.264148,-62.242264511487654,179.66522350133152,13.403925675015193,Major
Major_117,0.37205705,0.10767704,0.3281418,-67.45122835626903,173.0591414832196,13.155194467708169,Major
Major_118,0.4626894,0.0803468,0.2834551,-61.14612918176531,186.23278261542035,13.646713253213036,Major
Major_119,0.37037286,0.09488732,0.30803785,-65.98915142100667,181.56380233833454,13.474561304114303,Major
Major_120,0.516693,0.068186834,0.2611261,-59.994475282909164,189.17270283896877,13.754006792166738,Major
Major_121,0.3465604,0.09927626,0.31508136,-66.44847922182427,175.65605182107427,13.25352978723307,Major
Major_122,0.43477723,0.089688614,0.2994806,-59.532741989082304,178.83943658861372,13.373086277617958,Major
Major_123,0.40913707,0.092458695,0.3040702,-67.09692488849213,178.58446160360066,13.363549738134724,Major
Major_124,0.45221713,0.09091091,0.30151436,-63.235338469262764,169.5796106315855,13.022273635259916,Major
Major_125,0.31952325,0.09828131,0.3134985,-70.50297807247138,136.38961942690204,11.678596637734435,Major
Major_126,0.44939396,0.07347244,0.271058,-59.69015718524188,184.87938400139285,13.597035853501044,Major
Major_127,0.34173304,0.09956786,0.31554374,-66.79719189219212,167.57695973716696,12.945151978140967,Major
Major_128,0.50491005,0.079436585,0.28184497,-59.37433683311606,176.02136857931785,13.267304495613185,Major
Major_129,0.42393407,0.09194342,0.30322173,-65.96752652162,181.46788925445185,13.471001791049241,Major
Major_130,0.47993806,0.0805679,0.28384486,-62.85567169746279,165.8321885047911,12.877584731027442,Major
Major_131,0.33720812,0.093452334,0.30569974,-69.96966261752286,144.5569924506702,12.023185619904162,Major
Major_132,0.4144368,0.08731739,0.29549515,-57.012084197892506,199.2391285717293,14.115209122493697,Major
Major_133,0.39008602,0.09449238,0.30739614,-66.80747815221939,179.3242230038508,13.391199460983724,Major
Major_134,0.40678516,0.07446336,0.27287975,-58.956132239108314,178.05995456299206,13.34391076719985,Major
Major_135,0.34292287,0.097823426,0.31276736,-66.21681446962448,181.48740617330589,13.471726176452144,Major
Major_136,0.49236894,0.07044719,0.2654189,-60.89230249381766,189.32510000896704,13.759545777712543,Major
Major_137,0.4216118,0.09947833,0.31540185,-65.35931179166762,190.9121766472978,13.81709725837152,Major
Major_138,0.46106747,0.097816035,0.31275555,-60.81068503597076,182.24108669124087,13.499669873416938,Major
Major_139,0.42651367,0.090483226,0.3008043,-65.76825904491136,191.97009214377982,13.855327211718237,Major
Major_140,0.3854073,0.07251762,0.26929095,-63.82427038302326,183.70300042946178,13.553707995580464,Major
Major_141,0.3230895,0.09205298,0.30340233,-71.6298111695131,135.1060652148813,11.623513462584423,Major
Major_142,0.41782236,0.07941147,0.28180042,-62.77863436449401,175.9324279576676,13.263952199765635,Major
Major_143,0.3733027,0.08950044,0.29916623,-71.21520147787855,144.6496402705831,12.027037884308134,Major
Major_144,0.33697814,0.07247679,0.26921514,-62.18767467816715,185.738404857364,13.628587779273538,Major
Major_145,0.35010803,0.1053917,0.32464087,-70.9693803816246,127.20749729623644,11.27863011611944,Major
Major_146,0.48940998,0.081396796,0.28530124,-59.29774041364509,170.8449954226064,13.070768738777623,Major
Major_147,0.37050727,0.09236691,0.30391926,-70.93520110625045,138.562289126234,11.771248409843112,Major
Major_148,0.44056353,0.07283871,0.26988646,-60.40758441447981,178.1928181803774,13.34888827507285,Major
Major_149,0.39817607,0.095683075,0.3093268,-70.30734732294087,151.56439001996122,12.311149012986611,Major
Major_150,0.47599646,0.07855747,0.28028107,-58.770626280927765,185.12474059923218,13.606055291642475,Major
Major_151,0.4255596,0.10128621,0.31825495,-69.24442012425095,153.86419630441728,12.404200752342621,Major
Major_152,0.44006068,0.082322635,0.2869192,-59.71018284344515,182.99886593183874,13.527707342038367,Major
Major_153,0.38662386,0.100475304,0.3169784,-69.87086152654004,157.66179968922125,12.55634499722038,Major
Major_154,0.46350276,0.070863135,0.26620132,-63.86871027492772,182.94798960234954,13.525826762248197,Major
Major_155,0.4107365,0.092237875,0.30370688,-71.05977924515628,144.26491830560587,12.011033190596297,Major
Major_156,0.51015574,0.06458075,0.25412744,-57.85031164307343,176.1825717822122,13.273378310822464,Major
Major_157,0.4748917,0.101130135,0.31800964,-68.59920386305029,149.51896084199828,12.227794602543758,Major
Major_158,0.51388246,0.08273395,0.2876351,-59.50337337627406,190.53329833103624,13.803379960395072,Major
Major_159,0.3180932,0.09590065,0.3096783,-70.20717578839175,150.17303765481753,12.254510910469563,Major
Major_160,0.44208807,0.06704594,0.25893232,-58.18937008583212,185.24969796692332,13.610646493349364,Major
Major_161,0.45528048,0.096064456,0.30994266,-68.88876431466517,151.74744784620205,12.318581405592205,Major
Major_162,0.45179915,0.07681062,0.2771473,-61.62065989909933,181.54130907979552,13.473726621829446,Major
Major_163,0.43470168,0.09444917,0.30732584,-70.70730119036392,149.44487874182946,12.224764976956795,Major
Major_164,0.49115184,0.07985658,0.28258908,-59.634919556015305,185.71361690593972,13.627678338805174,Major
Major_165,0.3993686,0.08837105,0.29727268,-70.72332438285656,144.65059164751634,12.02707743583271,Major
Major_166,0.39281976,0.075923435,0.27554208,-60.71644327541655,163.58806558635263,12.790155025892087,Major
Major_167,0.2787496,0.09695316,0.31137303,-72.02191885015668,133.3084689623903,11.54592867474896,Major
Major_168,0.44472346,0.07009085,0.2647468,-58.46653203307154,174.67662232600176,13.216528376468677,Major
Major_169,0.3782187,0.09039123,0.30065134,-65.86316758834496,194.8607537415481,13.959253337537367,Major
Major_170,0.30974448,0.07694744,0.27739403,-56.638211998741866,188.52208518413366,13.730334489156979,Major
Major_171,0.3272682,0.090158276,0.30026367,-65.32207653679924,170.54358158699748,13.059233575788339,Major
Major_172,0.42970872,0.07359712,0.2712879,-58.61931102327734,190.5565985939179,13.804223940298778,Major
Major_173,0.39811522,0.10409448,0.32263675,-67.16994245309127,178.12145605712257,13.346215046114107,Major
Major_174,0.42715442,0.08298491,0.288071,-58.535636641609585,173.12242173679087,13.1575993911044,Major
Major_175,0.39562997,0.10157725,0.31871188,-69.95202021854716,147.19337038445215,12.13232749246624,Major
Major_176,0.43534467,0.06839187,0.2615184,-58.625446600059504,186.03917825840804,13.639617965999197,Major
Major_177,0.43045193,0.10072332,0.31736937,-66.63758315987414,183.84762347252274,13.559042129609404,Major
Major_178,0.467039,0.08329737,0.28861284,-58.90766850412337,168.53781393648376,12.982211442450156,Major
Major_179,0.41083163,0.09559187,0.30917937,-67.67289261030109,166.17225291282477,12.890781702938918,Major
Major_180,0.4673372,0.0745113,0.27296758,-59.09153695157032,170.87316825196874,13.071846397964165,Major
Major_181,0.45038688,0.08498368,0.2915196,-67.43787446305946,169.52645333975235,13.020232461048932,Major
Major_182,0.39045268,0.09350918,0.30579272,-58.831149846677874,186.02124521544704,13.638960562134017,Major
Major_183,0.42289555,0.111980416,0.33463475,-67.03048055774687,178.78737258123758,13.371139539367524,Major
Major_184,0.4970229,0.07465585,0.27323222,-59.1370155413706,183.03954743675925,13.529210894828983,Major
Major_185,0.4478593,0.10159533,0.31874022,-68.90977749552688,161.9352878558506,12.72537967432998,Major
Major_186,0.49581093,0.072588995,0.26942345,-58.94278644011293,177.36742595975093,13.317936250025788,Major
Major_187,0.43298516,0.08835181,0.29724032,-67.15718484454884,181.14359061255848,13.458959492195468,Major
Major_188,0.38352337,0.07655202,0.27668035,-58.14452771475001,188.18898579050062,13.718199072418384,Major
Major_189,0.344132,0.098992184,0.31463024,-70.31985280105197,148.81983273846302,12.199173444888102,Major
Major_190,0.4497816,0.08408678,0.28997722,-58.79587657781011,192.25004095403014,13.865426100702068,Major
Major_191,0.42216623,0.093953624,0.30651855,-67.0792736633645,190.3931453383768,13.798302262900926,Major
Major_192,0.5131605,0.06453604,0.25403944,-60.62003593656731,180.12821284314563,13.421185224977176,Major
Major_193,0.37520158,0.10062731,0.3172181,-70.33033741985366,149.64457715832978,12.232930031612614,Major
Major_194,0.37527552,0.07639998,0.27640545,-58.40710444039521,176.75891780642297,13.295071184706872,Major
Major_195,0.36679077,0.08421526,0.29019865,-66.09658666139457,180.2012691274941,13.423906626891224,Major
Major_196,0.4737487,0.07544858,0.27467903,-59.95125992652301,190.424920281728,13.7994536225797,Major
Major_197,0.36225766,0.10823214,0.32898653,-66.97187549991958,163.3299164992162,12.78005933081753,Major
Major_198,0.3888388,0.079035036,0.2811317,-60.606293098575655,183.86731991792712,13.559768431574602,Major
Major_199,0.33213142,0.09615653,0.31009117,-69.47423520449419,147.82804017817637,12.158455501344584,Major
Major_200,0.5140228,0.06332705,0.25164866,-58.38862753277679,188.27850684474024,13.721461541859899,Major
Major_201,0.4068816,0.09477132,0.3078495,-67.49313788578036,169.0995050601324,13.003826554523572,Major
Major_202,0.4562287,0.07486401,0.2736129,-58.77025964668746,201.31799087025556,14.188657120046829,Major
Major_203,0.34419194,0.1071569,0.3273483,-67.09474367177498,166.21202235303056,12.892324164130786,Major
Major_204,0.49584278,0.06558611,0.25609785,-59.19787310746069,203.281232726925,14.257672766862234,Major
Major_205,0.35877702,0.106247485,0.32595626,-67.74863582863479,158.63013357550895,12.59484551614306,Major
Major_206,0.504155,0.08585559,0.29301125,-58.44905499916477,193.09580024366298,13.895891487906164,Major
Major_207,0.33453065,0.099379495,0.31524512,-70.61060970507589,140.18578685021,11.84000789063124,Major
Major_208,0.4828268,0.090724185,0.30120456,-58.10625763605905,194.00265736077287,13.928483670549817,Major
Major_209,0.32313973,0.10278394,0.32059935,-70.37863358054891,144.12024528401741,12.005009174674438,Major
Major_210,0.45612064,0.07176667,0.26789302,-59.49455627994061,181.4074218027146,13.468757247894647,Major
Major_211,0.37970972,0.1007364,0.31739,-70.16818924437064,143.61137130248952,11.983796197469712,Major
Major_212,0.53777534,0.07365305,0.27139094,-59.124345866320425,180.1779415833471,13.42303771816749,Major
Major_213,0.37278286,0.115588784,0.3399835,-68.88676992819187,158.80285046678424,12.601700300625478,Major
Major_214,0.5131307,0.080953054,0.2845225,-57.68499566364533,194.64639086723335,13.951573060670734,Major
Major_215,0.36924273,0.100601085,0.31717673,-70.28153032267772,143.9050353492577,11.996042486972847,Major
Major_216,0.42393485,0.073900454,0.27184638,-60.07223559665215,190.26393629126287,13.793619405046048,Major
Major_217,0.42638716,0.09463268,0.30762425,-67.22409546234663,169.84385483372864,13.03241554101651,Major
Major_218,0.44093737,0.084502764,0.29069358,-58.75720684003167,190.0267190672446,13.785017920454242,Major
Major_219,0.3529392,0.10453181,0.3233138,-69.33070917879506,143.8447182002329,11.993528179824022,Major
Major_220,0.5163553,0.063548915,0.2520891,-57.69713385807795,191.08705737109057,13.823424227415238,Major
Major_221,0.42857173,0.1053097,0.32451457,-65.35642114032558,189.22657183699906,13.75596495477504,Major
Major_222,0.44662562,0.07163902,0.2676547,-59.58258673040153,172.06049209853066,13.117183085500129,Major
Major_223,0.3972083,0.0987042,0.31417224,-66.49731007331553,172.8119118777694,13.145794455937967,Major
Major_224,0.40885577,0.077795945,0.27891925,-60.33965951517663,181.56817458119042,13.47472354377597,Major
Major_225,0.36641392,0.09813681,0.31326795,-67.28128013112148,177.03735344717526,13.305538450103223,Major
Major_226,0.32382593,0.093926296,0.30647397,-60.6514981806859,197.47663369411117,14.052637962109149,Major
Major_227,0.2744442,0.09768996,0.3125539,-72.05821067781724,133.19837054265733,11.541159843908988,Major
Major_228,0.35263035,0.07598091,0.27564636,-61.15302161167419,179.5724364460718,13.400464038460452,Major
Major_229,0.3138329,0.08952661,0.29920998,-73.21080458379102,119.36947759573619,10.925633967680602,Major
Major_230,0.449176,0.07677326,0.27707988,-57.368057986634845,184.9067669688338,13.59804276242849,Major
Major_231,0.3761157,0.10461262,0.32343873,-66.51163235942002,185.0028006643046,13.601573462813212,Major
Major_232,0.50095093,0.06616189,0.25721955,-57.23549512656449,187.38777757465795,13.688965540706791,Major
Major_233,0.40996775,0.10029841,0.31669924,-67.14788034227365,172.87199541480598,13.148079533331321,Major
Major_234,0.4705967,0.0818273,0.2860547,-57.11015698119859,168.81887264323777,12.993031695614299,Major
Major_235,0.4491653,0.098005004,0.3130575,-67.54798652866972,167.54873522871975,12.944061774756785,Major
Major_236,0.41739485,0.08236333,0.28699014,-57.42533448032007,174.59619515664266,13.213485352345257,Major
Major_237,0.39699277,0.110584244,0.3325421,-67.53983674233031,176.55734895097834,13.287488436532254,Major
Major_238,0.43092912,0.08731148,0.29548517,-58.49801041270126,171.0420838259569,13.078305846934338,Major
Major_239,0.44590658,0.10535079,0.32457787,-67.74856437089272,163.5126067459535,12.787204805818725,Major
Major_240,0.48202378,0.06809781,0.26095557,-58.43763643947767,169.78403365886848,13.030120247291215,Major
Major_241,0.48905635,0.097301245,0.31193146,-66.1884143078479,182.0466288859701,13.492465634048141,Major
Major_242,0.4320928,0.07189515,0.26813272,-58.293128103338,175.09996714709686,13.23253441888956,Major
Major_243,0.46840498,0.10162817,0.31879175,-66.18013906660347,187.3568052325993,13.687834205329903,Major
Major_244,0.41781628,0.06812325,0.2610043,-59.61619214452406,173.27687754199258,13.163467534885806,Major
Major_245,0.43831682,0.10687937,0.32692412,-66.54645996843307,176.71384250913283,13.293375888356307,Major
Major_246,0.38769525,0.08779971,0.29631016,-57.8436467612037,174.00431908927115,13.191069671913311,Major
Major_247,0.3919933,0.10714831,0.32733518,-70.67601989402365,137.68999884447507,11.734138180730406,Major
Major_248,0.52471745,0.06392429,0.25283253,-58.37623606460373,181.0593182153138,13.455828410592705,Major
Major_249,0.42251688,0.09811326,0.31323037,-68.91891066500543,160.5034823567439,12.66899689623231,Major
Major_250,0.441684,0.074117765,0.2722458,-58.90555720327372,184.1614627786054,13.570610258149978,Major
Major_251,0.38022673,0.093296245,0.30544433,-69.24715772851208,155.77693156599227,12.481062918116882,Major
Major_252,0.43889037,0.07782111,0.27896437,-58.73420411354567,177.18412048652013,13.311052568693436,Major
Major_253,0.3279843,0.08393916,0.28972256,-68.21420717639917,167.20676549374534,12.930845505756588,Major
Major_254,0.46206394,0.070246756,0.26504105,-58.009994703833705,175.45908300526344,13.246096897020776,Major
Major_255,0.36039996,0.08799526,0.29663995,-67.798422876941,181.29070711416912,13.464423757226639,Major
Major_256,0.45730922,0.06249431,0.24998862,-57.591385536345506,189.71476092586738,13.773698157207722,Major
Major_257,0.4543718,0.10049366,0.31700736,-67.50091225100583,170.7906809571617,13.068690866232995,Major
Major_258,0.37412196,0.069763,0.26412687,-60.21208963124491,182.53796399504662,13.510661123536725,Major
Major_259,0.36352533,0.09181422,0.30300862,-67.87604841253469,171.15693451360437,13.082695995612081,Major
Major_260,0.40632904,0.06497617,0.25490424,-58.23674590036381,179.38226208038432,13.393366346082837,Major
Major_261,0.43135104,0.10429761,0.3229514,-66.97314869036232,174.83065267478673,13.222354278825943,Major
Major_262,0.43522924,0.08510938,0.2917351,-59.97373207757772,182.9100440559449,13.524423982408452,Major
Major_263,0.35613632,0.08897548,0.29828757,-68.45789657915599,170.83303593306394,13.07031124086431,Major
Major_264,0.46958458,0.06960369,0.26382512,-60.48231910055702,180.74530024477806,13.444154872835185,Major
Major_265,0.40131178,0.10844494,0.3293098,-69.7593121952321,147.11061265600011,12.128916384244723,Major
Major_266,0.44413468,0.06637852,0.2576403,-57.5850389242325,186.98584591249482,13.67427679669001,Major
Major_267,0.3893645,0.081133634,0.28483966,-69.29694899799732,161.1530927260824,12.69460880555531,Major
Major_268,0.50880474,0.061064404,0.24711213,-57.29678454385647,184.21849254226422,13.572711318755152,Major
Major_269,0.4393077,0.10309504,0.32108417,-64.02373983967925,187.81726183028937,13.70464380530517,Major
Major_270,0.5041415,0.063340895,0.25167617,-60.23325833827503,191.06447055467888,13.822607227100063,Major
Major_271,0.41629994,0.098766804,0.31427187,-68.96208011727892,157.1165084829963,12.534612418539167,Major
Major_272,0.45214927,0.068004176,0.2607761,-56.872181821111894,170.81337423095314,13.069559067962206,Major
Major_273,0.3991662,0.0813162,0.28515995,-66.26763913746125,183.91721977753585,13.561608303499105,Major
Major_274,0.45438188,0.06527353,0.25548685,-57.60797552532637,184.861958562474,13.596395057605307,Major
Major_275,0.4583145,0.108247265,0.32900953,-66.67017664826403,177.51081810782628,13.323318584640475,Major
Major_276,0.4313035,0.07029432,0.26513076,-59.31877530031452,177.88864682518306,13.337490274605004,Major
Major_277,0.4089453,0.09590812,0.30969036,-67.66317536904391,182.48622686224496,13.508746309789261,Major
Major_278,0.42053244,0.07879047,0.2806964,-62.390191949481924,183.76596335725188,13.556030516240803,Major
Major_279,0.30947503,0.095458396,0.30896342,-71.45540793709662,139.64774331599742,11.817264629176982,Major
Major_280,0.3778631,0.07914163,0.28132123,-59.87876758159054,182.82190165718964,13.521164951925911,Major
Major_281,0.3256197,0.09354103,0.30584478,-71.48868345652204,133.82817441390029,11.568412787150201,Major
Major_282,0.43717197,0.06913515,0.26293564,-58.34046140883593,176.54667196179074,13.287086661935744,Major
Major_283,0.36558476,0.09437379,0.30720317,-70.01632785915916,146.23845913113237,12.092909456831816,Major
Major_284,0.48970523,0.07539432,0.27458027,-59.7507018751065,189.9014223152384,13.780472499709086,Major
Major_285,0.32904613,0.0905265,0.30087623,-69.72939202987193,133.86187470545588,11.569869260516986,Major
Major_286,0.3545429,0.086084425,0.29340148,-59.949734599580694,189.00788130809684,13.748013722283552,Major
Major_287,0.31570008,0.09279665,0.30462542,-72.21617551848448,129.827717733367,11.394196669066538,Major
Major_288,0.3516258,0.07573583,0.27520144,-60.51959292249139,184.48539535573863,13.582540092182265,Major
Major_289,0.2916852,0.09409933,0.30675614,-72.62182659247487,120.70323646341784,10.986502467274006,Major
Major_290,0.35112068,0.087238625,0.29536185,-60.08571622965626,186.09571636127373,13.641690377708832,Major
Major_291,0.3455189,0.10245277,0.32008246,-68.72409520015843,164.18489140532657,12.813465237995793,Major
Major_292,0.39699903,0.065297134,0.25553304,-58.97578885847637,179.87296434891047,13.411672690194555,Major
Major_293,0.3350647,0.09230393,0.30381563,-67.5756365281234,168.90586047397767,12.996378744634125,Major
Major_294,0.48880896,0.08452238,0.29072732,-60.66607202626282,185.15461499006824,13.607153081745947,Major
Major_295,0.35414988,0.09961756,0.3156225,-72.63643875403416,122.55370567738565,11.070397719927936,Major
Major_296,0.4875814,0.08932806,0.29887798,-60.44620970414527,182.71579235884562,13.517240560071631,Major
Major_297,0.3473596,0.098669805,0.3141175,-70.16228197129712,149.65511167677298,12.233360604379035,Major
Major_298,0.5015536,0.08468184,0.29100144,-60.69990072419916,181.38519583229905,13.467932129035216,Major
Major_299,0.41101715,0.10331273,0.32142296,-69.6983304335284,150.3227629343703,12.26061837487695,Major
Major_300,0.42329586,0.083848365,0.28956583,-60.7110938320423,186.5049855902222,13.656682817954811,Major
Major_301,0.3395521,0.09104215,0.3017319,-71.38060687929483,135.48469641876514,11.639789363161395,Major
Major_302,0.3840565,0.06642164,0.25772396,-59.63556868995649,182.12657392026577,13.495427889484118,Major
Major_303,0.26331237,0.090269454,0.30044875,-72.31304140722959,121.3148767419744,11.014303279916275,Major
Major_304,0.35231575,0.08445973,0.29061955,-60.041334977843135,193.20486502581096,13.899815287470943,Major
Major_305,0.28442386,0.09218562,0.30362085,-71.7704720398144,132.7414059373348,11.52134566521354,Major
Major_306,0.36603922,0.08890035,0.29816163,-58.593302633037034,177.92114883350382,13.338708664391161,Major
Major_307,0.34916723,0.08313725,0.28833532,-70.47691406089197,131.63829323239472,11.4733732281485,Major
Major_308,0.40970838,0.081208274,0.28497064,-57.332066752809304,180.991689603626,13.453315190079582,Major
Major_309,0.3531613,0.0953663,0.30881435,-64.7711318596219,187.10759629481262,13.678727875603514,Major
Major_310,0.41564435,0.07240052,0.26907346,-57.338101642641185,184.7834681995115,13.593508310936935,Major
Major_311,0.37454197,0.10062143,0.31720883,-66.2175850775488,177.33006760660885,13.316533618273521,Major
Major_312,0.45247287,0.06956219,0.26374644,-58.1052773125575,182.66496397483388,13.515360297632983,Major
Major_313,0.37021798,0.104235314,0.32285494,-67.47662856723157,173.44898998024385,13.170003416106006,Major
Major_314,0.35763896,0.09066256,0.30110225,-58.35957881668752,173.6874452002436,13.179053274049831,Major
Major_315,0.30496913,0.10146428,0.31853458,-67.88630741140418,164.2103775606304,12.814459706153452,Major
Major_316,0.42475948,0.0874762,0.29576376,-58.45776587003268,184.67837196420737,13.589642083741845,Major
Major_317,0.3407606,0.10041875,0.31688917,-66.57924007165745,173.87946734016543,13.186336388101338,Major
Major_318,0.49477914,0.080089234,0.2830004,-58.59439575528997,176.53279129059484,13.286564314772832,Major
Major_319,0.3542666,0.11764128,0.34298873,-68.09639252443178,166.9298077278057,12.920131877338006,Major
Major_320,0.44314954,0.0831055,0.28828025,-58.623555446469034,184.8459208065343,13.595805265100493,Major
Major_321,0.35417423,0.09319594,0.3052801,-67.1046496428791,174.67120532672234,13.216323442119686,Major
Major_322,0.44576582,0.08589553,0.2930794,-56.91637969217901,168.97583760834937,12.999070644024878,Major
Major_323,0.3677079,0.106923886,0.32699218,-66.84369648606197,184.5972410880041,13.586656729600705,Major
Major_324,0.46160552,0.07701708,0.2775195,-56.98632201162379,186.47393064304117,13.655545783418587,Major
Major_325,0.3829535,0.10328509,0.32138,-69.55187286362471,158.2496661233192,12.579732354995443,Major
Major_326,0.46103615,0.08010785,0.2830333,-57.26824076391846,175.85361361950018,13.260980869434214,Major
Major_327,0.38109064,0.09864632,0.31408012,-67.39074835734192,180.60621508503218,13.438981177344962,Major
Major_328,0.3998498,0.073183894,0.27052522,-60.151281246833214,188.5795657707255,13.732427526505484,Major
Major_329,0.3580498,0.1024982,0.32015342,-67.29926193264015,182.59232522511286,13.512672763932118,Major
Major_330,0.36917,0.08505768,0.2916465,-60.0591061590431,191.83710742631956,13.850527333871428,Major
Major_331,0.33551013,0.11238071,0.33523232,-67.66504156553002,171.7378395017111,13.104878461920626,Major
Major_332,0.34800333,0.07851062,0.28019747,-59.557400050710605,183.82116986867413,13.558066597737088,Major
Major_333,0.32159716,0.11715001,0.34227183,-66.51055071364192,179.06811168784833,13.38163337144791,Major
Major_334,0.41451707,0.076542564,0.27666327,-58.75924710630472,186.5036258596032,13.656633035254451,Major
Major_335,0.38043115,0.096287906,0.3103029,-66.26425549190795,179.14684708087202,13.384574968256258,Major
Major_336,0.4292635,0.076761134,0.277058,-61.00395778255055,174.18552509779286,13.19793639542913,Major
Major_337,0.3940637,0.090164825,0.30027458,-67.76523574972475,160.12225938625417,12.65394244440262,Major
Major_338,0.39335626,0.07205101,0.2684232,-60.37194647874598,198.72395063968375,14.096948273994757,Major
Major_339,0.37708282,0.09155473,0.30258012,-68.54779929701729,151.2935494938727,12.300144287522512,Major
Major_340,0.49428743,0.07854816,0.28026447,-58.90784663922299,180.2522960415753,13.425807090881923,Major
Major_341,0.3584086,0.08697473,0.29491478,-68.02890956070426,166.01891893132515,12.884832902732,Major
Major_342,0.50965947,0.07832241,0.27986142,-59.32630787611621,185.04241728754621,13.603029709867807,Major
Major_343,0.331686,0.082041584,0.28642902,-70.77487397388549,151.60863715365,12.312945916946521,Major
Major_344,0.40702748,0.07400585,0.27204016,-59.68897701443759,184.2265599459307,13.573008507546538,Major
Major_345,0.38132983,0.09067513,0.3011231,-68.54755478982948,159.592521450091,12.632993368560399,Major
Major_346,0.4251382,0.0781663,0.27958235,-59.64390539377214,195.0462298491781,13.965895239803931,Major
Major_347,0.3524854,0.0953467,0.3087826,-69.40741482815525,143.76990088489163,11.990408703830392,Major
Major_348,0.41964474,0.09572513,0.30939478,-60.45081309932832,167.9108349119121,12.95804132235702,Major
Major_349,0.39229435,0.09283281,0.3046848,-70.240999416147,149.21043730038284,12.215172422048854,Major
Major_350,0.45699352,0.088775,0.29795134,-60.64713141569344,173.17229111996048,13.15949433374856,Major
Major_351,0.3628991,0.09741959,0.31212112,-69.61061947312454,150.1041334566019,12.251699206910112,Major
Major_352,0.42027742,0.09502921,0.3082681,-60.68012419320714,186.94439440537388,13.672761038114206,Major
Major_353,0.3857567,0.089641705,0.29940224,-70.95207487032575,143.50522922884866,11.979366812517624,Major
Major_354,0.3965841,0.076126836,0.2759109,-60.247277189114584,189.0014311811401,13.747779136323805,Major
Major_355,0.3916679,0.093728386,0.3061509,-68.56700149985271,159.54894146428165,12.631268402828026,Major
Major_356,0.52328616,0.08435556,0.2904403,-61.260867272203356,186.50361006219845,13.656632456875979,Major
Major_357,0.35922113,0.092180885,0.30361307,-67.56012054569612,168.55909457300012,12.983031024109899,Major
Major_358,0.4650941,0.09271296,0.30448803,-59.751998631288565,178.01277667778905,13.342142881778363,Major
Major_359,0.3429901,0.08619295,0.29358637,-68.8832008457309,158.43495357203344,12.587094723248628,Major
Major_360,0.29570684,0.08099643,0.2845987,-57.37721798106232,180.12618893174,13.421109824889296,Major
Major_361,0.32200885,0.08942425,0.2990389,-71.14915855878472,144.1965009864835,12.00818474984806,Major
Major_362,0.30993402,0.07145091,0.26730302,-57.540608396601804,175.13432211962365,13.233832480412605,Major
Major_363,0.34341994,0.0922034,0.30365014,-72.51800819379741,133.02007855773937,11.533433077698044,Major
Major_364,0.2957133,0.07411769,0.27224565,-61.831014683562394,193.3725320363288,13.905845247101263,Major
Major_365,0.25802007,0.08849035,0.29747328,-69.87540370746797,145.2750511901881,12.053010046879912,Major
Major_366,0.31644407,0.07589589,0.2754921,-62.0114761390735,173.1577971045283,13.158943616587477,Major
Major_367,0.2766332,0.095956855,0.30976903,-73.56199261315301,112.8403843991995,10.622635473327676,Major
Major_368,0.42283064,0.07092224,0.2663123,-57.862812343253744,184.9258329311218,13.598743799745687,Major
Major_369,0.31878027,0.0935051,0.30578604,-70.2654171553137,142.912700440581,11.954610007883193,Major
Major_370,0.38215476,0.085732065,0.2928004,-58.525552212806204,182.26506398279793,13.500557913760376,Major
Major_371,0.29993436,0.11238181,0.33523396,-71.75010949473713,127.28495748612572,11.282063529608656,Major
Major_372,0.56928545,0.09336789,0.3055616,-58.20761008095762,186.24894097062477,13.647305264066777,Major
Major_373,0.3610401,0.10342102,0.32159138,-70.60236438675528,139.1920196511975,11.797966759200397,Major
Major_374,0.5062512,0.10130594,0.31828594,-58.70953913036178,178.4886899140426,13.359965939853387,Major
Major_375,0.33965102,0.10756114,0.32796514,-70.43293482912934,138.6184632598322,11.773634241806231,Major
Major_376,0.50191283,0.089971036,0.29995173,-59.247692186927615,185.43073443295998,13.61729541549863,Major
Major_377,0.3076879,0.09921773,0.31498846,-70.51383959993801,143.04296808162874,11.96005719391127,Major
Major_378,0.53801095,0.08237906,0.28701752,-59.03914377963216,192.6998771240511,13.881638128263218,Major
Major_379,0.36230305,0.10346219,0.3216554,-70.37370022542443,140.6769055331969,11.860729553159743,Major
Major_380,0.4427979,0.092374794,0.30393222,-61.07170163207673,196.46023067300823,14.016427172179371,Major
Major_381,0.38771722,0.09434218,0.30715173,-71.33840659405105,140.61540611900762,11.858136705191402,Major
Major_382,0.3784501,0.09621208,0.31018072,-59.58789064109945,174.16285614250134,13.197077560676126,Major
Major_383,0.28692088,0.11009378,0.33180383,-71.90664145913424,120.46703654248657,10.975747653006904,Major
Major_384,0.35213548,0.093766406,0.30621302,-60.899295540061026,177.56836644049025,13.325478094255764,Major
Major_385,0.2922177,0.09776921,0.3126807,-73.87605718289609,110.88164503874512,10.530035376899031,Major
Major_386,0.45315188,0.07315484,0.2704715,-58.60816317728281,173.39671359038064,13.1680185901441,Major
Major_387,0.36160243,0.10263307,0.32036397,-71.02048285150887,147.99551042781002,12.165340538916698,Major
Major_388,0.31396708,0.08798839,0.2966284,-60.25622654899591,167.689575621214,12.94950097962134,Major
Major_389,0.32496217,0.083158396,0.28837198,-69.7403876798432,156.36557462947724,12.504622130615433,Major
Major_390,0.3715139,0.08188558,0.28615656,-60.83636467383669,172.75778313837426,13.143735509297738,Major
Major_391,0.36475578,0.09021289,0.3003546,-69.69058599927607,149.9173740550653,12.244075059189457,Major
Major_392,0.4359867,0.0798374,0.28255513,-59.552405477784845,177.99759079699132,13.341573775120809,Major
Major_393,0.34401315,0.08832176,0.29718977,-69.60109915383505,159.42628815571763,12.626412323210328,Major
Major_394,0.33394182,0.0844644,0.2906276,-60.82470218401776,175.02189731758412,13.22958417024451,Major
Major_395,0.35002017,0.085268386,0.2920075,-69.46418230194747,151.11212876108354,12.292767335351447,Major
Major_396,0.37867722,0.0751912,0.27421013,-60.22236240820837,166.78930897680223,12.91469353011531,Major
Major_397,0.37135077,0.089011356,0.2983477,-69.1702413944834,153.96035166396143,12.408076066174056,Major
Major_398,0.4153783,0.08833266,0.2972081,-58.673321684869975,188.84567446557276,13.742113173219494,Major
Major_399,0.34496638,0.096614875,0.31082934,-69.48706391992738,165.71640417662712,12.873088369797946,Major
Major_400,0.49160188,0.07819116,0.27962682,-58.296874768781464,182.98979879716396,13.527372205907692,Major
Major_401,0.3540904,0.09558227,0.3091638,-69.64085239991243,154.64461669893385,12.435618870765293,Major
Major_402,0.40918148,0.0799609,0.28277358,-59.462566009776,174.24409500284747,13.20015511283286,Major
Major_403,0.38307756,0.09747442,0.31220892,-69.43190217754112,150.181592834261,12.25485996795806,Major
Major_404,0.40918148,0.0799609,0.28277358,-59.462566009776,174.24409500284747,13.20015511283286,Major
Major_405,0.38307756,0.09747442,0.31220892,-69.43190217754112,150.181592834261,12.25485996795806,Major
Major_406,0.4420902,0.075356424,0.27451125,-59.51171850379706,186.9529265631395,13.673073047531762,Major
Major_407,0.39682782,0.08910901,0.29851133,-68.87583966483298,158.01387235394785,12.570356890476413,Major
Major_408,0.35908306,0.09184541,0.30306008,-61.86502886567225,171.74969649027784,13.105330842457883,Major
Major_409,0.3614881,0.0966266,0.3108482,-69.1718042132412,155.9381386308488,12.487519314533564,Major
Major_410,0.38634872,0.09427178,0.3070371,-59.48808304194527,175.97075913962416,13.265397059252473,Major
Major_411,0.3059632,0.093908116,0.30644432,-70.51737057820965,151.11060316411687,12.292705282569694,Major
Major_412,0.42293593,0.0816547,0.28575286,-62.302044080344885,186.05999948002102,13.640381207283799,Major
Major_413,0.4310964,0.09716769,0.31171733,-69.33532303398354,153.45266964391763,12.387601448380458,Major
Major_414,0.4215734,0.08035259,0.28346533,-59.841932505831,173.56146796372042,13.17427295768994,Major
Major_415,0.3048833,0.08641973,0.29397234,-68.80316049325262,153.97316586385696,12.408592420732376,Major
Major_416,0.44472346,0.07009085,0.2647468,-58.46653203307154,174.67662232600176,13.216528376468677,Major
Major_417,0.3782187,0.09039123,0.30065134,-65.86316758834496,194.8607537415481,13.959253337537367,Major
Major_418,0.30974448,0.07694744,0.27739403,-56.638211998741866,188.52208518413366,13.730334489156979,Major
Major_419,0.3272682,0.090158276,0.30026367,-65.32207653679924,170.54358158699748,13.059233575788339,Major
Major_420,0.42970872,0.07359712,0.2712879,-58.61931102327734,190.5565985939179,13.804223940298778,Major
Major_421,0.39811522,0.10409448,0.32263675,-67.16994245309127,178.12145605712257,13.346215046114107,Major
Major_422,0.42715442,0.08298491,0.288071,-58.535636641609585,173.12242173679087,13.1575993911044,Major
Major_423,0.39562997,0.10157725,0.31871188,-69.95202021854716,147.19337038445215,12.13232749246624,Major
Major_424,0.43534467,0.06839187,0.2615184,-58.625446600059504,186.03917825840804,13.639617965999197,Major
Major_425,0.43045193,0.10072332,0.31736937,-66.63758315987414,183.84762347252274,13.559042129609404,Major
Major_426,0.467039,0.08329737,0.28861284,-58.90766850412337,168.53781393648376,12.982211442450156,Major
Major_427,0.41083163,0.09559187,0.30917937,-67.67289261030109,166.17225291282477,12.890781702938918,Major
Major_428,0.4673372,0.0745113,0.27296758,-59.09153695157032,170.87316825196874,13.071846397964165,Major
Major_429,0.45038688,0.08498368,0.2915196,-67.43787446305946,169.52645333975235,13.020232461048932,Major
Major_430,0.39045268,0.09350918,0.30579272,-58.831149846677874,186.02124521544704,13.638960562134017,Major
Major_431,0.42289555,0.111980416,0.33463475,-67.03048055774687,178.78737258123758,13.371139539367524,Major
Major_432,0.4970229,0.07465585,0.27323222,-59.1370155413706,183.03954743675925,13.529210894828983,Major
Major_433,0.4478593,0.10159533,0.31874022,-68.90977749552688,161.9352878558506,12.72537967432998,Major
Major_434,0.49581093,0.072588995,0.26942345,-58.94278644011293,177.36742595975093,13.317936250025788,Major
Major_435,0.43298516,0.08835181,0.29724032,-67.15718484454884,181.14359061255848,13.458959492195468,Major
Major_436,0.38352337,0.07655202,0.27668035,-58.14452771475001,188.18898579050062,13.718199072418384,Major
Major_437,0.344132,0.098992184,0.31463024,-70.31985280105197,148.81983273846302,12.199173444888102,Major
Major_438,0.4497816,0.08408678,0.28997722,-58.79587657781011,192.25004095403014,13.865426100702068,Major
Major_439,0.42216623,0.093953624,0.30651855,-67.0792736633645,190.3931453383768,13.798302262900926,Major
Major_440,0.5131605,0.06453604,0.25403944,-60.62003593656731,180.12821284314563,13.421185224977176,Major
Major_441,0.37520158,0.10062731,0.3172181,-70.33033741985366,149.64457715832978,12.232930031612614,Major
Major_442,0.36860475,0.07242614,0.26912105,-57.94403533100633,174.86125575558478,13.22351147598794,Major
Major_443,0.36289144,0.085389614,0.29221502,-66.6672332260576,183.1790441828531,13.53436530402712,Major
Major_444,0.40885577,0.077795945,0.27891925,-60.33965951517663,181.56817458119042,13.47472354377597,Major
Major_445,0.36641392,0.09813681,0.31326795,-67.28128013112148,177.03735344717526,13.305538450103223,Major
Major_446,0.32382593,0.093926296,0.30647397,-60.6514981806859,197.47663369411117,14.052637962109149,Major
Major_447,0.2744442,0.09768996,0.3125539,-72.05821067781724,133.19837054265733,11.541159843908988,Major
Major_448,0.35263035,0.07598091,0.27564636,-61.15302161167419,179.5724364460718,13.400464038460452,Major
Major_449,0.3138329,0.08952661,0.29920998,-73.21080458379102,119.36947759573619,10.925633967680602,Major
Major_450,0.449176,0.07677326,0.27707988,-57.368057986634845,184.9067669688338,13.59804276242849,Major
Major_451,0.3761157,0.10461262,0.32343873,-66.51163235942002,185.0028006643046,13.601573462813212,Major
Major_452,0.50095093,0.06616189,0.25721955,-57.23549512656449,187.38777757465795,13.688965540706791,Major
Major_453,0.40996775,0.10029841,0.31669924,-67.14788034227365,172.87199541480598,13.148079533331321,Major
Major_454,0.4705967,0.0818273,0.2860547,-57.11015698119859,168.81887264323777,12.993031695614299,Major
Major_455,0.4491653,0.098005004,0.3130575,-67.54798652866972,167.54873522871975,12.944061774756785,Major
Major_456,0.41739485,0.08236333,0.28699014,-57.42533448032007,174.59619515664266,13.213485352345257,Major
Major_457,0.39699277,0.110584244,0.3325421,-67.53983674233031,176.55734895097834,13.287488436532254,Major
Major_458,0.43092912,0.08731148,0.29548517,-58.49801041270126,171.0420838259569,13.078305846934338,Major
Major_459,0.44590658,0.10535079,0.32457787,-67.74856437089272,163.5126067459535,12.787204805818725,Major
Major_460,0.48202378,0.06809781,0.26095557,-58.43763643947767,169.78403365886848,13.030120247291215,Major
Major_461,0.48905635,0.097301245,0.31193146,-66.1884143078479,182.0466288859701,13.492465634048141,Major
Major_462,0.4320928,0.07189515,0.26813272,-58.293128103338,175.09996714709686,13.23253441888956,Major
Major_463,0.46840498,0.10162817,0.31879175,-66.18013906660347,187.3568052325993,13.687834205329903,Major
Major_464,0.41781628,0.06812325,0.2610043,-59.61619214452406,173.27687754199258,13.163467534885806,Major
Major_465,0.43831682,0.10687937,0.32692412,-66.54645996843307,176.71384250913283,13.293375888356307,Major
Major_466,0.38769525,0.08779971,0.29631016,-57.8436467612037,174.00431908927115,13.191069671913311,Major
Major_467,0.3919933,0.10714831,0.32733518,-70.67601989402365,137.68999884447507,11.734138180730406,Major
Major_468,0.52471745,0.06392429,0.25283253,-58.37623606460373,181.0593182153138,13.455828410592705,Major
Major_469,0.42251688,0.09811326,0.31323037,-68.91891066500543,160.5034823567439,12.66899689623231,Major
Major_470,0.441684,0.074117765,0.2722458,-58.90555720327372,184.1614627786054,13.570610258149978,Major
Major_471,0.38022673,0.093296245,0.30544433,-69.24715772851208,155.77693156599227,12.481062918116882,Major
Major_472,0.3778631,0.07914163,0.28132123,-59.87876758159054,182.82190165718964,13.521164951925911,Major
Major_473,0.3256197,0.09354103,0.30584478,-71.48868345652204,133.82817441390029,11.568412787150201,Major
Major_474,0.43717197,0.06913515,0.26293564,-58.34046140883593,176.54667196179074,13.287086661935744,Major
Major_475,0.36558476,0.09437379,0.30720317,-70.01632785915916,146.23845913113237,12.092909456831816,Major
Major_476,0.48970523,0.07539432,0.27458027,-59.7507018751065,189.9014223152384,13.780472499709086,Major
Major_477,0.32904613,0.0905265,0.30087623,-69.72939202987193,133.86187470545588,11.569869260516986,Major
Major_478,0.3545429,0.086084425,0.29340148,-59.949734599580694,189.00788130809684,13.748013722283552,Major
Major_479,0.31570008,0.09279665,0.30462542,-72.21617551848448,129.827717733367,11.394196669066538,Major
Major_480,0.3516258,0.07573583,0.27520144,-60.51959292249139,184.48539535573863,13.582540092182265,Major
Major_481,0.2916852,0.09409933,0.30675614,-72.62182659247487,120.70323646341784,10.986502467274006,Major
Major_482,0.35112068,0.087238625,0.29536185,-60.08571622965626,186.09571636127373,13.641690377708832,Major
Major_483,0.3455189,0.10245277,0.32008246,-68.72409520015843,164.18489140532657,12.813465237995793,Major
Major_484,0.39699903,0.065297134,0.25553304,-58.97578885847637,179.87296434891047,13.411672690194555,Major
Major_485,0.3350647,0.09230393,0.30381563,-67.5756365281234,168.90586047397767,12.996378744634125,Major
Major_486,0.48880896,0.08452238,0.29072732,-60.66607202626282,185.15461499006824,13.607153081745947,Major
Major_487,0.35414988,0.09961756,0.3156225,-72.63643875403416,122.55370567738565,11.070397719927936,Major
Major_488,0.4875814,0.08932806,0.29887798,-60.44620970414527,182.71579235884562,13.517240560071631,Major
Major_489,0.3473596,0.098669805,0.3141175,-70.16228197129712,149.65511167677298,12.233360604379035,Major
Major_490,0.5015536,0.08468184,0.29100144,-60.69990072419916,181.38519583229905,13.467932129035216,Major
Major_491,0.41101715,0.10331273,0.32142296,-69.6983304335284,150.3227629343703,12.26061837487695,Major
Major_492,0.42329586,0.083848365,0.28956583,-60.7110938320423,186.5049855902222,13.656682817954811,Major
Major_493,0.3395521,0.09104215,0.3017319,-71.38060687929483,135.48469641876514,11.639789363161395,Major
Major_494,0.3840565,0.06642164,0.25772396,-59.63556868995649,182.12657392026577,13.495427889484118,Major
Major_495,0.26331237,0.090269454,0.30044875,-72.31304140722959,121.3148767419744,11.014303279916275,Major
Major_496,0.35231575,0.08445973,0.29061955,-60.041334977843135,193.20486502581096,13.899815287470943,Major
Major_497,0.28442386,0.09218562,0.30362085,-71.7704720398144,132.7414059373348,11.52134566521354,Major
Major_498,0.36603922,0.08890035,0.29816163,-58.593302633037034,177.92114883350382,13.338708664391161,Major
Major_499,0.34916723,0.08313725,0.28833532,-70.47691406089197,131.63829323239472,11.4733732281485,Major
Major_500,0.4650941,0.09271296,0.30448803,-59.751998631288565,178.01277667778905,13.342142881778363,Major
Major_501,0.3429901,0.08619295,0.29358637,-68.8832008457309,158.43495357203344,12.587094723248628,Major
Minor_0,0.41864747,0.090533234,0.3008874,-60.10435033698431,185.8590640396353,13.633013754839219,Minor
Minor_1,0.31865922,0.091181606,0.3019629,-70.52002865635836,137.25728028905112,11.715685224904735,Minor
Minor_2,0.3723528,0.08104173,0.28467828,-58.86669779739646,185.7399635751282,13.628644964747163,Minor
Minor_3,0.27198324,0.087169304,0.2952445,-70.60068982186988,138.16113821214125,11.754196621298338,Minor
Minor_4,0.40789357,0.10572324,0.32515112,-57.08736617613267,176.1607657842833,13.272556866869447,Minor
Minor_5,0.41605046,0.103879035,0.3223027,-67.84733970071424,169.65712934907387,13.025249684711378,Minor
Minor_6,0.29870653,0.08395148,0.2897438,-61.47072777115914,181.12921158920324,13.458425301245434,Minor
Minor_7,0.28057286,0.091164306,0.30193427,-69.65699353490702,163.4198275445567,12.78357647704885,Minor
Minor_8,0.38010114,0.07978615,0.2824644,-57.4905276754341,179.65995081333577,13.403728989103584,Minor
Minor_9,0.35170978,0.09799364,0.31303936,-66.49279138422321,181.67608932395873,13.478727288730147,Minor
Minor_10,0.33309966,0.09012685,0.30021134,-60.29811509553629,187.04688782617853,13.676508612441207,Minor
Minor_11,0.3142674,0.09600065,0.30983973,-69.30147429894262,168.74402751927624,12.99015117384229,Minor
Minor_12,0.40427035,0.07727748,0.27798828,-56.25886907377429,176.26512555076167,13.276487696328486,Minor
Minor_13,0.41800073,0.10470677,0.32358426,-65.72513033924051,181.73338638720358,13.480852583839184,Minor
Minor_14,0.3256374,0.06859134,0.2618995,-59.49631674951821,183.52834612543248,13.547263418322997,Minor
Minor_15,0.32785276,0.1015947,0.31873924,-70.65499332776622,140.7253077894122,11.862769819456677,Minor
Minor_16,0.43017715,0.06985106,0.26429352,-60.71313220231352,172.79991970976275,13.145338326180987,Minor
Minor_17,0.3542317,0.09905674,0.31473282,-69.27049526917806,139.7874004513146,11.823172182257798,Minor
Minor_18,0.4583314,0.08136958,0.28525352,-59.93220124879769,182.75000317373122,13.518505951980464,Minor
Minor_19,0.32801676,0.09475738,0.30782688,-69.44518185267414,146.22182344371933,12.092221609105554,Minor
Minor_20,0.45753175,0.06504804,0.25504518,-59.84135477409924,173.27432356594906,13.163370524525588,Minor
Minor_21,0.41114134,0.099414475,0.3153006,-67.35609172880318,174.24092907288002,13.200035192107634,Minor
Minor_22,0.40995008,0.06426266,0.25350082,-58.296502414136505,171.46568590893997,13.09449067008488,Minor
Minor_23,0.3243556,0.088693686,0.29781485,-68.1759769595281,174.37251078522198,13.205018393975147,Minor
Minor_24,0.3620416,0.092864655,0.30473703,-60.39021416718661,169.29004250563713,13.011150698752095,Minor
Minor_25,0.43026084,0.10526005,0.32443807,-67.1149377873622,169.3272849229902,13.01258179313353,Minor
Minor_26,0.5023766,0.07243245,0.26913276,-60.66929349759079,185.03082261244018,13.602603523312741,Minor
Minor_27,0.36347026,0.09343488,0.3056712,-69.86419039010478,154.36075203181755,12.424200257232558,Minor
Minor_28,0.35876936,0.0902068,0.30034447,-61.15227047529959,182.8701449892528,13.522948827428609,Minor
Minor_29,0.35421118,0.11834614,0.34401473,-68.44696638194573,159.66358051306756,12.635805495221408,Minor
Minor_30,0.4618664,0.08351065,0.2889821,-61.614546750082276,184.081573274606,13.567666463862015,Minor
Minor_31,0.34398174,0.092429206,0.30402172,-70.98215262986857,143.535076969357,11.980612545665476,Minor
Minor_32,0.38752338,0.09177313,0.30294082,-57.72375781950972,175.72479629257538,13.256122973651662,Minor
Minor_33,0.34000775,0.10050077,0.31701857,-67.81870253305229,174.59085640517023,13.213283331752567,Minor
Minor_34,0.38928738,0.06985709,0.2643049,-57.11894157735858,198.58769411747087,14.092114607732611,Minor
Minor_35,0.37263903,0.09896652,0.31458944,-67.17030429019185,181.05085645353418,13.45551397953769,Minor
Minor_36,0.37212494,0.08572666,0.29279116,-59.04348159348549,168.54538583796415,12.982503065201415,Minor
Minor_37,0.3061172,0.109756984,0.3312959,-68.15471639408062,163.01042791060365,12.767553716769852,Minor
Minor_38,0.42124587,0.08005621,0.28294206,-57.3822331527136,192.39907422476244,13.870799336186883,Minor
Minor_39,0.42519224,0.09882789,0.31436902,-65.71551612345829,189.2521674840809,13.756895270520921,Minor
Minor_40,0.31933138,0.0895092,0.29918087,-60.97730202669929,174.77248632567768,13.220154549992133,Minor
Minor_41,0.32144573,0.08913957,0.2985625,-71.59809864881386,135.6228850141713,11.64572389395229,Minor
Minor_42,0.4347567,0.07829828,0.2798183,-59.266767413531376,169.2916674733612,13.011213143798745,Minor
Minor_43,0.3560734,0.09864731,0.3140817,-71.02211697056471,141.02166745720044,11.875254416525165,Minor
Minor_44,0.3998811,0.081457175,0.28540704,-61.50672955870424,179.317880615777,13.39096264709065,Minor
Minor_45,0.35404244,0.09415416,0.3068455,-71.79977492953788,133.72135771913636,11.563795126131229,Minor
Minor_46,0.34849533,0.08844885,0.2974035,-60.18746111804871,172.6436809004155,13.139394236433256,Minor
Minor_47,0.3532628,0.10163763,0.3188066,-70.99188794516542,140.86850020680072,11.868803655246838,Minor
Minor_48,0.4362684,0.098842725,0.31439263,-62.02582243095169,177.0289798833838,13.305223781785251,Minor
Minor_49,0.37344292,0.10515387,0.3242744,-72.52195604707676,124.57751421984491,11.161429756973114,Minor
Minor_50,0.48955283,0.07919797,0.28142133,-60.092671363954146,172.03018501005783,13.11602779083888,Minor
Minor_51,0.33734834,0.09328217,0.3054213,-71.31434422905966,132.08204693102536,11.492695372758531,Minor
Minor_52,0.46196052,0.08561509,0.29260057,-60.38484950058883,181.64171263864006,13.477452008396842,Minor
Minor_53,0.29194805,0.09772653,0.31261244,-71.65171294352874,135.03047124905095,11.620261238416758,Minor
Minor_54,0.4319452,0.0857069,0.2927574,-59.25052527128123,186.24733107846336,13.647246281886444,Minor
Minor_55,0.33493897,0.09288421,0.30476913,-69.85606948774797,130.7866230576336,11.436197928404072,Minor
Minor_56,0.4580076,0.09180975,0.30300122,-58.93324933996921,173.8810421475834,13.186396101573143,Minor
Minor_57,0.3107272,0.0986396,0.31406942,-71.45711723245505,128.47981221235634,11.33489356863823,Minor
Minor_58,0.29088312,0.09016734,0.30027878,-61.65009254256773,174.63942391297024,13.215121032853624,Minor
Minor_59,0.34558973,0.0973605,0.31202644,-72.34680490639249,126.3394520292938,11.240082385342813,Minor
Minor_60,0.30550966,0.090015694,0.30002615,-62.745745765790645,169.22220219469963,13.008543430941822,Minor
Minor_61,0.31076625,0.088772915,0.29794785,-64.6989398845475,181.0631796178418,13.455971894212688,Minor
Minor_62,0.38164416,0.07802101,0.27932242,-60.32975361561346,165.8397610995288,12.877878749993293,Minor
Minor_63,0.4550175,0.1017976,0.31905738,-69.3046005567193,154.09389237372986,12.413456101091665,Minor
Minor_64,0.38312742,0.07068313,0.265863,-60.08311738731796,174.7616715590729,13.219745517939176,Minor
Minor_65,0.40515557,0.085323125,0.29210123,-68.37637786125568,166.20711127286205,12.892133697447527,Minor
Minor_66,0.33877972,0.08276547,0.2876899,-59.93784646906328,171.05173380426115,13.078674772478331,Minor
Minor_67,0.40080276,0.08404965,0.28991318,-66.29062883778667,174.0770780815447,13.193827271930791,Minor
Minor_68,0.421838,0.079523906,0.28199983,-57.73702789865389,183.5443687763185,13.547854766579043,Minor
Minor_69,0.39059886,0.099379815,0.31524563,-68.6407613450468,170.6900308269221,13.064839487223795,Minor
Minor_70,0.43432805,0.07138571,0.26718104,-58.62215597239926,180.11157657084743,13.420565434095817,Minor
Minor_71,0.43224683,0.09970719,0.31576446,-68.2734576542288,179.16270472647741,13.385167340249334,Minor
Minor_72,0.44556808,0.07786513,0.27904326,-60.19332601739182,178.89882994548316,13.37530672341697,Minor
Minor_73,0.38395774,0.10237875,0.3199668,-68.80174881118609,165.13049535854145,12.850311099679317,Minor
Minor_74,0.39451972,0.08047193,0.28367576,-58.61862298494482,176.26598783934915,13.276520170562359,Minor
Minor_75,0.36552048,0.09808558,0.31318617,-69.35364553234807,163.995153680973,12.806059256499362,Minor
Minor_76,0.39383975,0.08840804,0.29733488,-59.407104915489825,180.89449642664644,13.449702466101115,Minor
Minor_77,0.29920182,0.099735446,0.3158092,-69.91671365331685,153.0293109321105,12.37050164431946,Minor
Minor_78,0.34978446,0.099981554,0.3161986,-59.33204025792114,181.40385568846625,13.468624862563596,Minor
Minor_79,0.34095252,0.09842741,0.31373143,-67.76429429805712,186.60663984423223,13.660404087882329,Minor
Minor_80,0.4070086,0.083868615,0.2896008,-58.25680435481757,173.67068486963169,13.178417388656033,Minor
Minor_81,0.39067814,0.098456316,0.3137775,-65.36325384360765,186.43735207382832,13.654206387550627,Minor
Minor_82,0.4112924,0.08254783,0.28731138,-58.20202812255524,176.95282717376014,13.302361714137838,Minor
Minor_83,0.3853148,0.09653553,0.31070167,-69.92148502761766,153.72337939173835,12.398523274637926,Minor
Minor_84,0.44818056,0.07683114,0.2771843,-59.40771763355387,188.63558652744112,13.734467100235127,Minor
Minor_85,0.4705783,0.09463159,0.3076225,-64.32354035025477,204.17419649477588,14.288953652901807,Minor
Minor_86,0.49111354,0.07625131,0.2761364,-60.42726757168866,174.7703744244478,13.220074675448993,Minor
Minor_87,0.42197445,0.09932865,0.31516448,-65.7944924443054,187.82755670356943,13.705019398146412,Minor
Minor_88,0.42452317,0.08556566,0.29251608,-59.704158367740256,174.28740630574032,13.201795571275156,Minor
Minor_89,0.38520786,0.08775459,0.296234,-69.75023424796079,148.28306004858374,12.177153199684389,Minor
Minor_90,0.4537919,0.07242534,0.26911956,-59.28237513310172,178.95031623374643,13.377231261877267,Minor
Minor_91,0.40929708,0.09100727,0.3016741,-69.91713693024123,150.50434944506333,12.268021415251251,Minor
Minor_92,0.4443931,0.072102726,0.26851952,-59.8472434128009,181.56999124102634,13.474790953518587,Minor
Minor_93,0.3867219,0.105439134,0.32471392,-66.50128494502172,175.1516644333704,13.234487690627484,Minor
Minor_94,0.5736014,0.05833955,0.24153581,-57.831338012011024,190.34825862098685,13.796675636579518,Minor
Minor_95,0.40209642,0.0994223,0.315313,-64.99427724331964,184.76735510581233,13.592915621963241,Minor
Minor_96,0.42877153,0.079764836,0.28242669,-61.31774584929787,178.75497076117222,13.369927851756426,Minor
Minor_97,0.41251752,0.110294126,0.3321056,-66.06566737478656,183.82126106491282,13.558069960909362,Minor
Minor_98,0.3548677,0.091809094,0.30300015,-60.05594710574349,179.01110365239526,13.379503116797547,Minor
Minor_99,0.39011157,0.09726576,0.3118746,-69.22827395855658,160.42041492014977,12.665718097295146,Minor
Minor_100,0.32264057,0.077170216,0.27779528,-64.8910101445584,185.75992641115712,13.629377330280247,Minor
Minor_101,0.31728444,0.09071673,0.30119216,-72.23048125032003,129.920967705303,11.398287928689248,Minor
Minor_102,0.45432526,0.084190585,0.29015613,-59.96881750646817,179.10665777660103,13.383073554927545,Minor
Minor_103,0.33487168,0.08865659,0.29775256,-70.3401287209864,161.4473521447928,12.706193456137553,Minor
Minor_104,0.3675494,0.08368113,0.2892769,-62.51249285804903,181.75526780985984,13.481664133550423,Minor
Minor_105,0.30815116,0.093701504,0.306107,-72.07948607021822,128.44389473015048,11.333309081206181,Minor
Minor_106,0.42239484,0.08546388,0.29234207,-62.59702813832496,188.36089378676078,13.724463333287781,Minor
Minor_107,0.3583986,0.09226068,0.30374444,-71.91776118495567,139.8917975151601,11.827586292864664,Minor
Minor_108,0.48321244,0.090408556,0.30068016,-58.95320112299682,187.54619445437834,13.694750616728234,Minor
Minor_109,0.3205212,0.09443869,0.3073088,-68.87063499707236,160.92435385655628,12.685596314582783,Minor
Minor_110,0.5022401,0.079314835,0.2816289,-57.93420909098404,183.44851791040702,13.54431681224295,Minor
Minor_111,0.32305965,0.08758508,0.29594776,-69.17245841120622,164.32257981465995,12.81883691349024,Minor
Minor_112,0.46488395,0.07075851,0.2660047,-61.99799669831015,186.5077587515584,13.656784348870653,Minor
Minor_113,0.3630979,0.0928507,0.3047141,-70.66937130398844,148.94365112552447,12.204247257636354,Minor
Minor_114,0.5259318,0.06680327,0.2584633,-62.0813052288015,197.3395793048031,14.047760650893903,Minor
Minor_115,0.3950894,0.09528116,0.30867648,-71.0111648887414,143.4409856190814,11.976685084741996,Minor
Minor_116,0.43163586,0.08617315,0.29355264,-63.51411518747416,188.93031558474308,13.745192453536003,Minor
Minor_117,0.41403088,0.08982437,0.29970714,-70.74060098656645,143.36268387210907,11.973415714494719,Minor
Minor_118,0.33455747,0.09676929,0.31107762,-61.56918083304759,175.70554849748342,13.255396957371115,Minor
Minor_119,0.26136228,0.09633586,0.3103802,-71.88494115325516,126.22944444523114,11.235187779704937,Minor
Minor_120,0.44308984,0.07318313,0.2705238,-58.88917962522115,183.94263223522051,13.562545197536505,Minor
Minor_121,0.33605778,0.09275755,0.30456126,-66.0856684936971,189.16129560620655,13.753592098292232,Minor
Minor_122,0.47360775,0.07024466,0.2650371,-59.51424443675628,189.50337483008533,13.766022476739073,Minor
Minor_123,0.40474665,0.09997799,0.31619295,-67.87794618550798,171.50842812068836,13.096122636898617,Minor
Minor_124,0.5306925,0.06431209,0.2535983,-56.99344750519773,170.06011674149383,13.040709978428852,Minor
Minor_125,0.3626397,0.088789634,0.2979759,-68.31053714085823,170.29777709287984,13.049819044449615,Minor
Minor_126,0.49705577,0.07560514,0.2749639,-59.931997349170324,177.08713002431452,13.30740883960189,Minor
Minor_127,0.36387008,0.09874062,0.3142302,-70.68632874752026,143.02605497043052,11.959350106524623,Minor
Minor_128,0.4072823,0.084860004,0.29130742,-57.24101411794532,186.81926697579962,13.668184479871481,Minor
Minor_129,0.38768893,0.105849005,0.32534444,-69.12268455382633,163.60569331979303,12.790844120690121,Minor
Minor_130,0.48913756,0.0718917,0.26812628,-58.28741676724666,184.14745681387436,13.570094207995549,Minor
Minor_131,0.42174175,0.10273127,0.32051718,-68.17741913521823,167.57641919769978,12.945131100058422,Minor
Minor_132,0.44705668,0.067584425,0.25997004,-58.926724428623906,177.17535262900319,13.310723219607686,Minor
Minor_133,0.40868017,0.09658567,0.31078234,-67.06003983986643,182.9847762263262,13.52718655989952,Minor
Minor_134,0.5819359,0.059950218,0.24484734,-59.42379967393014,185.93769483822922,13.635897287609247,Minor
Minor_135,0.42741784,0.108105116,0.32879344,-66.44033757897157,185.7313606460253,13.628329341706756,Minor
Minor_136,0.49732482,0.0693033,0.26325518,-58.516839094479835,195.52316309464354,13.982959740149562,Minor
Minor_137,0.37525657,0.09723276,0.31182167,-67.78351264144922,176.1974852905767,13.273940081625225,Minor
Minor_138,0.3865261,0.0786268,0.2804047,-58.57599559327778,176.73381902851236,13.294127238315134,Minor
Minor_139,0.3328734,0.08780736,0.29632306,-67.66906571406703,178.61718347852562,13.364773977831634,Minor
Minor_140,0.44504815,0.0806662,0.28401795,-58.26798425474435,175.05628440748296,13.230883734939361,Minor
Minor_141,0.33754802,0.09971023,0.31576928,-66.18845700047036,179.43711933345307,13.395414115788025,Minor
Minor_142,0.44451824,0.082000524,0.28635734,-59.76616317627869,184.98391616127287,13.600879242213455,Minor
Minor_143,0.42921138,0.08701974,0.29499108,-66.58417128105425,172.00290221511116,13.114987694051075,Minor
Minor_144,0.484738,0.06822944,0.26120764,-58.50117197265079,173.75223462120937,13.181511090205454,Minor
Minor_145,0.38051394,0.09421875,0.30695075,-70.44566450812452,137.71275463226618,11.735107781024688,Minor
Minor_146,0.45141956,0.07582641,0.27536595,-59.30453610332041,186.3191664952923,13.649877893054294,Minor
Minor_147,0.39078638,0.09584755,0.30959255,-68.83791294917718,158.7326156794893,12.59891327375061,Minor
Minor_148,0.3415208,0.07078358,0.26605183,-60.529069177631506,181.53436525273952,13.473468939094325,Minor
Minor_149,0.3454808,0.096004024,0.30984515,-70.0598991810632,138.21138324409898,11.756333750115253,Minor
Minor_150,0.48216885,0.07189827,0.26813853,-59.37684681438911,190.19278962178805,13.79104019361078,Minor
Minor_151,0.41139433,0.08925429,0.29875457,-67.07899980085583,176.07886034703142,13.269470989720405,Minor
Minor_152,0.46176443,0.07246873,0.26920018,-58.496368029083435,181.11737569782449,13.45798557354794,Minor
Minor_153,0.395528,0.094056755,0.30668673,-70.54964643387846,137.11210605971328,11.709487864962895,Minor
Minor_154,0.52463776,0.061666057,0.24832651,-59.415288623240585,176.66645845552029,13.291593525816245,Minor
Minor_155,0.38515005,0.092370264,0.30392477,-69.34346951164326,156.73860311014207,12.519528869336181,Minor
Minor_156,0.5051025,0.06375299,0.25249353,-59.6752480937265,190.7793217802226,13.81228879585938,Minor
Minor_157,0.39362672,0.099978335,0.31619352,-68.81936686456956,157.38806014151896,12.545439814590758,Minor
Minor_158,0.27547863,0.09948494,0.31541234,-62.18947647214951,169.34385364707907,13.013218420017358,Minor
Minor_159,0.23805568,0.092496574,0.3041325,-69.74645268704998,135.43180913994647,11.637517309974085,Minor
Minor_160,0.296542,0.08689373,0.29477742,-61.97933658084842,188.48375401914822,13.728938561270796,Minor
Minor_161,0.26889426,0.09329071,0.30543527,-67.65803788344847,157.75195212856485,12.559934399851173,Minor
Minor_162,0.48899165,0.068798676,0.262295,-59.43872014076054,182.8706514548568,13.522967553568146,Minor
Minor_163,0.39143702,0.096197136,0.31015664,-67.75566650457522,170.24958615557915,13.047972492137587,Minor
Minor_164,0.39401534,0.06625523,0.2574009,-56.78991055692385,174.43446460788383,13.207364029505806,Minor
Minor_165,0.43176877,0.10478997,0.3237128,-66.68381142226492,176.06748112909008,13.269042208429743,Minor
Minor_166,0.4719639,0.072683506,0.26959878,-56.83614830031103,192.13060692911912,13.861118530952655,Minor
Minor_167,0.3730188,0.10417539,0.32276213,-65.72322840067531,186.7158214866373,13.664399785085232,Minor
Minor_168,0.34345248,0.07411501,0.27224073,-61.96104518151197,176.2957125198717,13.277639568834202,Minor
Minor_169,0.33825403,0.09406262,0.3066963,-69.9740571637647,154.41342742623542,12.426319947041257,Minor
Minor_170,0.5188107,0.07757289,0.2785191,-57.8098489522126,181.20585210923173,13.461272306480979,Minor
Minor_171,0.45426223,0.10109163,0.3179491,-69.6811939842268,144.0841367701972,12.003505186827605,Minor
Minor_172,0.4095415,0.07167606,0.26772386,-56.97259646724819,179.78665139008726,13.408454474326534,Minor
Minor_173,0.44151905,0.10330942,0.32141784,-66.89733874849857,176.51417574201818,13.28586375596326,Minor
Minor_174,0.46865645,0.058775272,0.24243613,-57.90658768030538,185.55682191937368,13.621924310440638,Minor
Minor_175,0.38026038,0.10059927,0.31717387,-67.05396530271375,168.8166187474938,12.992944960535075,Minor
Minor_176,0.32925692,0.08000135,0.28284508,-57.81131760523787,180.86892666437134,13.448751862696083,Minor
Minor_177,0.4004364,0.11073676,0.33277133,-70.10292320177658,141.79087309641758,11.907597284776537,Minor
Minor_178,0.48203897,0.072983146,0.27015394,-58.23651151266953,170.24410790928198,13.047762563339433,Minor
Minor_179,0.33744702,0.10989916,0.33151042,-66.9483710945371,161.55352242886195,12.71037066449527,Minor
Minor_180,0.4147564,0.08396346,0.2897645,-59.27920367948559,187.0974780508244,13.678358017350781,Minor
Minor_181,0.34511092,0.09251057,0.3041555,-69.2977859604151,154.5554770147967,12.432034307175826,Minor
Minor_182,0.4472326,0.0785751,0.2803125,-58.78977166761924,183.37769287518051,13.54170199329392,Minor
Minor_183,0.3446687,0.08612071,0.2934633,-67.81532724227179,177.94938526106276,13.339767061724233,Minor
Minor_184,0.38312015,0.06587772,0.25666654,-58.4466606315144,188.8177653319926,13.741097675658688,Minor
Minor_185,0.4466942,0.107345425,0.32763612,-67.36196495236905,165.01862356051842,12.845957479320816,Minor
Minor_186,0.4270061,0.084248535,0.290256,-59.625420985078215,176.71235079064863,13.293319780651055,Minor
Minor_187,0.33426705,0.08693826,0.29485294,-67.15784197241085,178.57347587453035,13.363138698469395,Minor
Minor_188,0.42675278,0.07652912,0.27663898,-60.52511374950404,187.77541917494167,13.703117133518989,Minor
Minor_189,0.35685173,0.090134986,0.3002249,-69.30871318795006,163.61130488133804,12.791063477339874,Minor
Minor_190,0.43275487,0.07162196,0.2676228,-60.20361587021373,186.02599613802207,13.639134728347765,Minor
Minor_191,0.40811267,0.093807735,0.3062805,-66.40647527925837,189.02230631091712,13.74853833361631,Minor
Minor_192,0.39548528,0.071844764,0.26803875,-59.436244012271224,184.73074569488384,13.59156891955023,Minor
Minor_193,0.428683,0.09774275,0.31263837,-67.71289904306546,163.61546269441115,12.791226004352012,Minor
Minor_194,0.52979565,0.07608983,0.27584386,-57.53059102592456,186.56603419781177,13.658917753534201,Minor
Minor_195,0.44030866,0.09821782,0.31339723,-67.11628948516707,165.41100366505017,12.86122092435435,Minor
Minor_196,0.43064672,0.06765732,0.2601102,-57.817934188240265,180.41971747719697,13.432040704122251,Minor
Minor_197,0.4417043,0.104895815,0.32387623,-66.57435272271076,175.60997597318033,13.251791425055721,Minor
Minor_198,0.41553316,0.08172917,0.28588316,-60.44783206632227,178.97750847450612,13.378247586081898,Minor
Minor_199,0.3758967,0.09273141,0.3045183,-67.5766936915781,178.57160958005173,13.363068868342022,Minor
Minor_200,0.38863105,0.081002414,0.28460923,-60.35458245463842,185.41721269676623,13.616798915191714,Minor
Minor_201,0.32791534,0.09203555,0.3033736,-71.40137405532627,142.1993102353848,11.924735227055768,Minor
Minor_202,0.43212247,0.072535075,0.26932338,-58.49260632354889,179.3525000668071,13.392255227063405,Minor
Minor_203,0.364141,0.11040503,0.33227253,-69.26646908844712,141.0175330573028,11.875080338983093,Minor
Minor_204,0.36466402,0.0732266,0.27060413,-60.63997061041175,187.23866881522113,13.683518144659331,Minor
Minor_205,0.25704262,0.08659038,0.29426244,-72.44682465058479,124.60147108308784,11.162502904057309,Minor
Minor_206,0.42728028,0.079138674,0.28131598,-60.09547815792188,188.3432588878438,13.72382085600959,Minor
Minor_207,0.2706398,0.0916702,0.30277088,-72.12639465981668,129.80817803664667,11.39333919606744,Minor
Minor_208,0.3525631,0.06489061,0.25473636,-59.441529702788024,183.08276858621255,13.53080812761058,Minor
Minor_209,0.32297578,0.09737538,0.31205028,-68.88571741891577,170.99648401184479,13.07656239276381,Minor
Minor_210,0.5079783,0.06644044,0.25776044,-58.37340003713196,169.0344662377556,13.001325556948245,Minor
Minor_211,0.3936963,0.08947144,0.29911777,-65.26692437521471,179.90118588548316,13.412724774835393,Minor
Minor_212,0.3517251,0.082277015,0.2868397,-59.021867050305765,177.37002299153994,13.318033750953628,Minor
Minor_213,0.29603183,0.10152501,0.3186299,-71.31630031081582,137.07133623923576,11.707746847247584,Minor
Minor_214,0.449969,0.07517049,0.27417237,-59.275338510028746,181.80650880573072,13.483564395430857,Minor
Minor_215,0.35804087,0.09677781,0.31109133,-70.67678321866482,141.09491356147868,11.87833799660031,Minor
Minor_216,0.47037765,0.06758697,0.25997496,-59.81722834684435,192.58681520171945,13.877565175552931,Minor
Minor_217,0.37957066,0.10070031,0.31733313,-71.15418891040403,144.0931404313557,12.003880223967402,Minor
Minor_218,0.4215944,0.08328216,0.28858647,-59.64393200192959,173.095583858865,13.156579489322633,Minor
Minor_219,0.4165398,0.09761151,0.3124284,-66.58032874598098,189.87397751283322,13.779476677756424,Minor
Minor_220,0.36529475,0.08415326,0.2900918,-58.05987728615129,186.08389235577243,13.641256993245616,Minor
Minor_221,0.35324886,0.09600148,0.30984107,-65.5490714086738,179.02299023618485,13.379947318139367,Minor
Minor_222,0.3847865,0.07801427,0.27931035,-57.822981631366744,184.52543119907187,13.584013810323952,Minor
Minor_223,0.39320374,0.1007922,0.31747788,-66.68405677494451,174.10100718100517,13.194734070113167,Minor
Minor_224,0.4256703,0.083456725,0.28888878,-58.891767842608694,167.06696408617879,12.925438641925417,Minor
Minor_225,0.3055313,0.106523894,0.32637998,-67.97916268128985,159.8716926833088,12.644037831456721,Minor
Minor_226,0.3966962,0.08646489,0.2940491,-59.83409844056787,195.52449505458347,13.98300736803723,Minor
Minor_227,0.35532007,0.103517786,0.3217418,-65.70228994089406,184.6403477207734,13.588242996089429,Minor
Minor_228,0.38144645,0.07431777,0.27261284,-58.252572661814746,194.66644122901798,13.95229161209792,Minor
Minor_229,0.3363495,0.10905558,0.33023563,-68.69161781580512,151.27205717099318,12.299270595079742,Minor
Minor_230,0.45631543,0.076906234,0.27731973,-61.675622473145545,190.09794850384318,13.787601259966985,Minor
Minor_231,0.37282345,0.10751726,0.32789823,-68.42690576196384,150.30563096067604,12.2599196963388,Minor
Minor_232,0.3917144,0.0803955,0.283541,-59.64756745602239,174.53144197262486,13.211034856233816,Minor
Minor_233,0.3391851,0.111520685,0.33394712,-67.52306354869735,168.22547150269835,12.970176232522762,Minor
Minor_234,0.5163768,0.07114942,0.2667385,-57.38265671194814,190.43326454872377,13.799755959752469,Minor
Minor_235,0.42208263,0.103460215,0.32165232,-65.36197033932683,187.1114547033071,13.678868911693945,Minor
Minor_236,0.47755632,0.077017196,0.27751973,-59.39849407697953,184.5687181073376,13.585607020201106,Minor
Minor_237,0.39393222,0.09659856,0.3108031,-66.80070987133908,174.91646039656993,13.22559867819109,Minor
Minor_238,0.27674523,0.08941817,0.29902872,-55.9073942213785,180.823745658725,13.447072010617218,Minor
Minor_239,0.24876948,0.09685002,0.31120735,-70.43776853042779,134.68600266348878,11.605429878444347,Minor
Minor_240,0.38640827,0.08876567,0.2979357,-60.582906487705735,170.56823064677207,13.060177282363822,Minor
Minor_241,0.35907146,0.08829633,0.29714698,-67.49463082656347,168.55317700388892,12.982803125823365,Minor
Minor_242,0.44802088,0.07905487,0.28116697,-59.27675056281836,198.76809014631533,14.098513756645248,Minor
Minor_243,0.3297548,0.09307589,0.3050834,-70.47680346638467,142.08638870820445,11.919999526350848,Minor
Minor_244,0.5082335,0.07640656,0.27641737,-57.96398803698298,187.79793117704037,13.703938527921101,Minor
Minor_245,0.351145,0.08986205,0.29977,-68.11737248776332,164.88672342481274,12.840822536925458,Minor
Minor_246,0.3715139,0.08188558,0.28615656,-60.83636467383669,172.75778313837426,13.143735509297738,Minor
Minor_247,0.36475578,0.09021289,0.3003546,-69.69058599927607,149.9173740550653,12.244075059189457,Minor
Minor_248,0.37531772,0.08458052,0.2908273,-60.988415785368744,174.71976157344366,13.218160294588792,Minor
Minor_249,0.33731598,0.082711466,0.28759602,-69.48646735268126,152.9275276647274,12.366387009338151,Minor
Minor_250,0.38164416,0.07802101,0.27932242,-60.32975361561346,165.8397610995288,12.877878749993293,Minor
Minor_252,0.40789357,0.10572324,0.32515112,-57.08736617613267,176.1607657842833,13.272556866869447,Minor
Minor_253,0.41605046,0.103879035,0.3223027,-67.84733970071424,169.65712934907387,13.025249684711378,Minor
Minor_254,0.29870653,0.08395148,0.2897438,-61.47072777115914,181.12921158920324,13.458425301245434,Minor
Minor_255,0.28057286,0.091164306,0.30193427,-69.65699353490702,163.4198275445567,12.78357647704885,Minor
Minor_256,0.38010114,0.07978615,0.2824644,-57.4905276754341,179.65995081333577,13.403728989103584,Minor
Minor_257,0.35170978,0.09799364,0.31303936,-66.49279138422321,181.67608932395873,13.478727288730147,Minor
Minor_258,0.33309966,0.09012685,0.30021134,-60.29811509553629,187.04688782617853,13.676508612441207,Minor
Minor_259,0.3142674,0.09600065,0.30983973,-69.30147429894262,168.74402751927624,12.99015117384229,Minor
Minor_260,0.40427035,0.07727748,0.27798828,-56.25886907377429,176.26512555076167,13.276487696328486,Minor
Minor_261,0.41800073,0.10470677,0.32358426,-65.72513033924051,181.73338638720358,13.480852583839184,Minor
Minor_262,0.3256374,0.06859134,0.2618995,-59.49631674951821,183.52834612543248,13.547263418322997,Minor
Minor_263,0.32785276,0.1015947,0.31873924,-70.65499332776622,140.7253077894122,11.862769819456677,Minor
Minor_264,0.38752338,0.09177313,0.30294082,-57.72375781950972,175.72479629257538,13.256122973651662,Minor
Minor_265,0.34000775,0.10050077,0.31701857,-67.81870253305229,174.59085640517023,13.213283331752567,Minor
Minor_266,0.38928738,0.06985709,0.2643049,-57.11894157735858,198.58769411747087,14.092114607732611,Minor
Minor_267,0.37263903,0.09896652,0.31458944,-67.17030429019185,181.05085645353418,13.45551397953769,Minor
Minor_268,0.37212494,0.08572666,0.29279116,-59.04348159348549,168.54538583796415,12.982503065201415,Minor
Minor_269,0.3061172,0.109756984,0.3312959,-68.15471639408062,163.01042791060365,12.767553716769852,Minor
Minor_270,0.42124587,0.08005621,0.28294206,-57.3822331527136,192.39907422476244,13.870799336186883,Minor
Minor_271,0.42519224,0.09882789,0.31436902,-65.71551612345829,189.2521674840809,13.756895270520921,Minor
Minor_272,0.30550966,0.090015694,0.30002615,-62.745745765790645,169.22220219469963,13.008543430941822,Minor
Minor_273,0.31076625,0.088772915,0.29794785,-64.6989398845475,181.0631796178418,13.455971894212688,Minor
Minor_274,0.38164416,0.07802101,0.27932242,-60.32975361561346,165.8397610995288,12.877878749993293,Minor
Minor_275,0.4550175,0.1017976,0.31905738,-69.3046005567193,154.09389237372986,12.413456101091665,Minor
Minor_276,0.38312742,0.07068313,0.265863,-60.08311738731796,174.7616715590729,13.219745517939176,Minor
Minor_277,0.40515557,0.085323125,0.29210123,-68.37637786125568,166.20711127286205,12.892133697447527,Minor
Minor_278,0.33877972,0.08276547,0.2876899,-59.93784646906328,171.05173380426115,13.078674772478331,Minor
Minor_279,0.40080276,0.08404965,0.28991318,-66.29062883778667,174.0770780815447,13.193827271930791,Minor
Minor_280,0.421838,0.079523906,0.28199983,-57.73702789865389,183.5443687763185,13.547854766579043,Minor
Minor_281,0.39059886,0.099379815,0.31524563,-68.6407613450468,170.6900308269221,13.064839487223795,Minor
Minor_282,0.43432805,0.07138571,0.26718104,-58.62215597239926,180.11157657084743,13.420565434095817,Minor
Minor_283,0.43224683,0.09970719,0.31576446,-68.2734576542288,179.16270472647741,13.385167340249334,Minor
Minor_284,0.44556808,0.07786513,0.27904326,-60.19332601739182,178.89882994548316,13.37530672341697,Minor
Minor_285,0.38395774,0.10237875,0.3199668,-68.80174881118609,165.13049535854145,12.850311099679317,Minor
Minor_286,0.39451972,0.08047193,0.28367576,-58.61862298494482,176.26598783934915,13.276520170562359,Minor
Minor_287,0.36552048,0.09808558,0.31318617,-69.35364553234807,163.995153680973,12.806059256499362,Minor
Minor_288,0.39383975,0.08840804,0.29733488,-59.407104915489825,180.89449642664644,13.449702466101115,Minor
Minor_289,0.29920182,0.099735446,0.3158092,-69.91671365331685,153.0293109321105,12.37050164431946,Minor
Minor_290,0.34978446,0.099981554,0.3161986,-59.33204025792114,181.40385568846625,13.468624862563596,Minor
Minor_291,0.34095252,0.09842741,0.31373143,-67.76429429805712,186.60663984423223,13.660404087882329,Minor
Minor_292,0.44308984,0.07318313,0.2705238,-58.88917962522115,183.94263223522051,13.562545197536505,Minor
Minor_293,0.33605778,0.09275755,0.30456126,-66.0856684936971,189.16129560620655,13.753592098292232,Minor
Minor_294,0.47360775,0.07024466,0.2650371,-59.51424443675628,189.50337483008533,13.766022476739073,Minor
Minor_295,0.40474665,0.09997799,0.31619295,-67.87794618550798,171.50842812068836,13.096122636898617,Minor
Minor_296,0.5306925,0.06431209,0.2535983,-56.99344750519773,170.06011674149383,13.040709978428852,Minor
Minor_297,0.3626397,0.088789634,0.2979759,-68.31053714085823,170.29777709287984,13.049819044449615,Minor
Minor_298,0.49705577,0.07560514,0.2749639,-59.931997349170324,177.08713002431452,13.30740883960189,Minor
Minor_299,0.36387008,0.09874062,0.3142302,-70.68632874752026,143.02605497043052,11.959350106524623,Minor
Minor_300,0.4072823,0.084860004,0.29130742,-57.24101411794532,186.81926697579962,13.668184479871481,Minor
Minor_301,0.38768893,0.105849005,0.32534444,-69.12268455382633,163.60569331979303,12.790844120690121,Minor
Minor_302,0.48913756,0.0718917,0.26812628,-58.28741676724666,184.14745681387436,13.570094207995549,Minor
Minor_303,0.42174175,0.10273127,0.32051718,-68.17741913521823,167.57641919769978,12.945131100058422,Minor
Minor_304,0.44705668,0.067584425,0.25997004,-58.926724428623906,177.17535262900319,13.310723219607686,Minor
Minor_305,0.40868017,0.09658567,0.31078234,-67.06003983986643,182.9847762263262,13.52718655989952,Minor
Minor_306,0.5819359,0.059950218,0.24484734,-59.42379967393014,185.93769483822922,13.635897287609247,Minor
Minor_307,0.42741784,0.108105116,0.32879344,-66.44033757897157,185.7313606460253,13.628329341706756,Minor
Minor_308,0.49732482,0.0693033,0.26325518,-58.516839094479835,195.52316309464354,13.982959740149562,Minor
Minor_309,0.37525657,0.09723276,0.31182167,-67.78351264144922,176.1974852905767,13.273940081625225,Minor
Minor_310,0.3865261,0.0786268,0.2804047,-58.57599559327778,176.73381902851236,13.294127238315134,Minor
Minor_311,0.3328734,0.08780736,0.29632306,-67.66906571406703,178.61718347852562,13.364773977831634,Minor
Minor_312,0.296542,0.08689373,0.29477742,-61.97933658084842,188.48375401914822,13.728938561270796,Minor
Minor_313,0.26889426,0.09329071,0.30543527,-67.65803788344847,157.75195212856485,12.559934399851173,Minor
Minor_314,0.48899165,0.068798676,0.262295,-59.43872014076054,182.8706514548568,13.522967553568146,Minor
Minor_315,0.39143702,0.096197136,0.31015664,-67.75566650457522,170.24958615557915,13.047972492137587,Minor
Minor_316,0.39401534,0.06625523,0.2574009,-56.78991055692385,174.43446460788383,13.207364029505806,Minor
Minor_317,0.43176877,0.10478997,0.3237128,-66.68381142226492,176.06748112909008,13.269042208429743,Minor
Minor_318,0.4719639,0.072683506,0.26959878,-56.83614830031103,192.13060692911912,13.861118530952655,Minor
Minor_319,0.3730188,0.10417539,0.32276213,-65.72322840067531,186.7158214866373,13.664399785085232,Minor
Minor_320,0.34345248,0.07411501,0.27224073,-61.96104518151197,176.2957125198717,13.277639568834202,Minor
Minor_321,0.33825403,0.09406262,0.3066963,-69.9740571637647,154.41342742623542,12.426319947041257,Minor
Minor_322,0.5188107,0.07757289,0.2785191,-57.8098489522126,181.20585210923173,13.461272306480979,Minor
Minor_323,0.45426223,0.10109163,0.3179491,-69.6811939842268,144.0841367701972,12.003505186827605,Minor
Minor_324,0.4095415,0.07167606,0.26772386,-56.97259646724819,179.78665139008726,13.408454474326534,Minor
Minor_325,0.44151905,0.10330942,0.32141784,-66.89733874849857,176.51417574201818,13.28586375596326,Minor
Minor_326,0.46865645,0.058775272,0.24243613,-57.90658768030538,185.55682191937368,13.621924310440638,Minor
Minor_327,0.38026038,0.10059927,0.31717387,-67.05396530271375,168.8166187474938,12.992944960535075,Minor
Minor_328,0.32925692,0.08000135,0.28284508,-57.81131760523787,180.86892666437134,13.448751862696083,Minor
Minor_329,0.4004364,0.11073676,0.33277133,-70.10292320177658,141.79087309641758,11.907597284776537,Minor
Minor_330,0.48203897,0.072983146,0.27015394,-58.23651151266953,170.24410790928198,13.047762563339433,Minor
Minor_331,0.33744702,0.10989916,0.33151042,-66.9483710945371,161.55352242886195,12.71037066449527,Minor
Minor_332,0.38863105,0.081002414,0.28460923,-60.35458245463842,185.41721269676623,13.616798915191714,Minor
Minor_333,0.32791534,0.09203555,0.3033736,-71.40137405532627,142.1993102353848,11.924735227055768,Minor
Minor_334,0.43212247,0.072535075,0.26932338,-58.49260632354889,179.3525000668071,13.392255227063405,Minor
Minor_335,0.364141,0.11040503,0.33227253,-69.26646908844712,141.0175330573028,11.875080338983093,Minor
Minor_336,0.36466402,0.0732266,0.27060413,-60.63997061041175,187.23866881522113,13.683518144659331,Minor
Minor_337,0.25704262,0.08659038,0.29426244,-72.44682465058479,124.60147108308784,11.162502904057309,Minor
Minor_338,0.42728028,0.079138674,0.28131598,-60.09547815792188,188.3432588878438,13.72382085600959,Minor
Minor_339,0.2706398,0.0916702,0.30277088,-72.12639465981668,129.80817803664667,11.39333919606744,Minor
Minor_340,0.3525631,0.06489061,0.25473636,-59.441529702788024,183.08276858621255,13.53080812761058,Minor
Minor_341,0.32297578,0.09737538,0.31205028,-68.88571741891577,170.99648401184479,13.07656239276381,Minor
Minor_342,0.5079783,0.06644044,0.25776044,-58.37340003713196,169.0344662377556,13.001325556948245,Minor
Minor_343,0.3936963,0.08947144,0.29911777,-65.26692437521471,179.90118588548316,13.412724774835393,Minor
Minor_344,0.3517251,0.082277015,0.2868397,-59.021867050305765,177.37002299153994,13.318033750953628,Minor
Minor_345,0.29603183,0.10152501,0.3186299,-71.31630031081582,137.07133623923576,11.707746847247584,Minor
Minor_346,0.449969,0.07517049,0.27417237,-59.275338510028746,181.80650880573072,13.483564395430857,Minor
Minor_347,0.35804087,0.09677781,0.31109133,-70.67678321866482,141.09491356147868,11.87833799660031,Minor
Minor_348,0.47037765,0.06758697,0.25997496,-59.81722834684435,192.58681520171945,13.877565175552931,Minor
Minor_349,0.37957066,0.10070031,0.31733313,-71.15418891040403,144.0931404313557,12.003880223967402,Minor
Minor_350,0.4215944,0.08328216,0.28858647,-59.64393200192959,173.095583858865,13.156579489322633,Minor
Minor_351,0.4165398,0.09761151,0.3124284,-66.58032874598098,189.87397751283322,13.779476677756424,Minor
Minor_352,0.38640827,0.08876567,0.2979357,-60.582906487705735,170.56823064677207,13.060177282363822,Minor
Minor_353,0.35907146,0.08829633,0.29714698,-67.49463082656347,168.55317700388892,12.982803125823365,Minor
Minor_354,0.3715139,0.08188558,0.28615656,-60.83636467383669,172.75778313837426,13.143735509297738,Minor
Minor_355,0.36475578,0.09021289,0.3003546,-69.69058599927607,149.9173740550653,12.244075059189457,Minor
Minor_356,0.37531772,0.08458052,0.2908273,-60.988415785368744,174.71976157344366,13.218160294588792,Minor
Minor_357,0.33731598,0.082711466,0.28759602,-69.48646735268126,152.9275276647274,12.366387009338151,Minor
